"GEOID","year","variable","Variable_Description","estimate","moe","moe_pct_of_estimate","County","Geography","State"
"36037",2017,"B19013B_001","Black or African American alone",18846,12088,64.1409317627083,"Genesee","Genesee County","New York"
"36037",2017,"B19013C_001","American Indian and Alaska Native alone",28750,11103,38.6191304347826,"Genesee","Genesee County","New York"
"36037",2017,"B19013D_001","Asian alone",154792,76115,49.1724378520854,"Genesee","Genesee County","New York"
"36037",2017,"B19013E_001","Native Hawaiian and Other Pacific Islander alone",NA,0,NA,"Genesee","Genesee County","New York"
"36037",2017,"B19013F_001","Some Other Race alone",31894,11293,35.4079137141782,"Genesee","Genesee County","New York"
"36037",2017,"B19013G_001","Two or More Races",29420,5223,17.7532290958532,"Genesee","Genesee County","New York"
"36037",2017,"B19013H_001","White alone, not Hispanic or Latino",56183,2052,3.65235035508962,"Genesee","Genesee County","New York"
"36037",2017,"B19013I_001","Hispanic or Latino",32030,9905,30.9241336247268,"Genesee","Genesee County","New York"
"36051",2017,"B19013B_001","Black or African American alone",18429,5249,28.4822833577514,"Livingston","Livingston County","New York"
"36051",2017,"B19013C_001","American Indian and Alaska Native alone",38667,16422,42.4703235316937,"Livingston","Livingston County","New York"
"36051",2017,"B19013D_001","Asian alone",53929,41173,76.3466780396447,"Livingston","Livingston County","New York"
"36051",2017,"B19013E_001","Native Hawaiian and Other Pacific Islander alone",NA,0,NA,"Livingston","Livingston County","New York"
"36051",2017,"B19013F_001","Some Other Race alone",50294,47024,93.4982304052173,"Livingston","Livingston County","New York"
"36051",2017,"B19013G_001","Two or More Races",NA,0,NA,"Livingston","Livingston County","New York"
"36051",2017,"B19013H_001","White alone, not Hispanic or Latino",54758,1768,3.22875196318346,"Livingston","Livingston County","New York"
"36051",2017,"B19013I_001","Hispanic or Latino",45000,37482,83.2933333333333,"Livingston","Livingston County","New York"
"36055",2017,"B19013B_001","Black or African American alone",29094,1259,4.32735271877363,"Monroe","Monroe County","New York"
"36055",2017,"B19013C_001","American Indian and Alaska Native alone",25606,2645,10.3296102475982,"Monroe","Monroe County","New York"
"36055",2017,"B19013D_001","Asian alone",55677,6019,10.8105680981375,"Monroe","Monroe County","New York"
"36055",2017,"B19013E_001","Native Hawaiian and Other Pacific Islander alone",21731,7780,35.8013897197552,"Monroe","Monroe County","New York"
"36055",2017,"B19013F_001","Some Other Race alone",30313,2608,8.60356942565896,"Monroe","Monroe County","New York"
"36055",2017,"B19013G_001","Two or More Races",41481,3177,7.65892818398785,"Monroe","Monroe County","New York"
"36055",2017,"B19013H_001","White alone, not Hispanic or Latino",63653,861,1.35264637958934,"Monroe","Monroe County","New York"
"36055",2017,"B19013I_001","Hispanic or Latino",30922,1708,5.52357544790117,"Monroe","Monroe County","New York"
"36069",2017,"B19013B_001","Black or African American alone",30697,8573,27.9278105352315,"Ontario","Ontario County","New York"
"36069",2017,"B19013C_001","American Indian and Alaska Native alone",73750,37044,50.2291525423729,"Ontario","Ontario County","New York"
"36069",2017,"B19013D_001","Asian alone",71518,26609,37.2060180653821,"Ontario","Ontario County","New York"
"36069",2017,"B19013E_001","Native Hawaiian and Other Pacific Islander alone",NA,0,NA,"Ontario","Ontario County","New York"
"36069",2017,"B19013F_001","Some Other Race alone",29131,5837,20.0370739075212,"Ontario","Ontario County","New York"
"36069",2017,"B19013G_001","Two or More Races",34659,8504,24.5361955047751,"Ontario","Ontario County","New York"
"36069",2017,"B19013H_001","White alone, not Hispanic or Latino",63854,1978,3.09769160898299,"Ontario","Ontario County","New York"
"36069",2017,"B19013I_001","Hispanic or Latino",32335,4692,14.5105922375135,"Ontario","Ontario County","New York"
"36073",2017,"B19013B_001","Black or African American alone",30909,27318,88.3820246530137,"Orleans","Orleans County","New York"
"36073",2017,"B19013C_001","American Indian and Alaska Native alone",86500,62231,71.9433526011561,"Orleans","Orleans County","New York"
"36073",2017,"B19013D_001","Asian alone",NA,0,NA,"Orleans","Orleans County","New York"
"36073",2017,"B19013E_001","Native Hawaiian and Other Pacific Islander alone",NA,0,NA,"Orleans","Orleans County","New York"
"36073",2017,"B19013F_001","Some Other Race alone",19173,2535,13.2217180409952,"Orleans","Orleans County","New York"
"36073",2017,"B19013G_001","Two or More Races",50764,30149,59.3905129619415,"Orleans","Orleans County","New York"
"36073",2017,"B19013H_001","White alone, not Hispanic or Latino",50274,2423,4.81958865417512,"Orleans","Orleans County","New York"
"36073",2017,"B19013I_001","Hispanic or Latino",20745,3799,18.3128464690287,"Orleans","Orleans County","New York"
"36099",2017,"B19013B_001","Black or African American alone",33456,25657,76.6887852702056,"Seneca","Seneca County","New York"
"36099",2017,"B19013C_001","American Indian and Alaska Native alone",NA,0,NA,"Seneca","Seneca County","New York"
"36099",2017,"B19013D_001","Asian alone",NA,0,NA,"Seneca","Seneca County","New York"
"36099",2017,"B19013E_001","Native Hawaiian and Other Pacific Islander alone",NA,0,NA,"Seneca","Seneca County","New York"
"36099",2017,"B19013F_001","Some Other Race alone",NA,0,NA,"Seneca","Seneca County","New York"
"36099",2017,"B19013G_001","Two or More Races",20139,15131,75.1328268533691,"Seneca","Seneca County","New York"
"36099",2017,"B19013H_001","White alone, not Hispanic or Latino",52706,1957,3.71304974765681,"Seneca","Seneca County","New York"
"36099",2017,"B19013I_001","Hispanic or Latino",32778,16000,48.8132283848923,"Seneca","Seneca County","New York"
"36117",2017,"B19013B_001","Black or African American alone",32790,12574,38.3470570295822,"Wayne","Wayne County","New York"
"36117",2017,"B19013C_001","American Indian and Alaska Native alone",50938,27900,54.7724684911068,"Wayne","Wayne County","New York"
"36117",2017,"B19013D_001","Asian alone",85125,41491,48.7412628487518,"Wayne","Wayne County","New York"
"36117",2017,"B19013E_001","Native Hawaiian and Other Pacific Islander alone",NA,0,NA,"Wayne","Wayne County","New York"
"36117",2017,"B19013F_001","Some Other Race alone",37357,18350,49.1206467328747,"Wayne","Wayne County","New York"
"36117",2017,"B19013G_001","Two or More Races",53571,14911,27.8340893393814,"Wayne","Wayne County","New York"
"36117",2017,"B19013H_001","White alone, not Hispanic or Latino",54428,1709,3.13992797824649,"Wayne","Wayne County","New York"
"36117",2017,"B19013I_001","Hispanic or Latino",40341,13414,33.2515307007759,"Wayne","Wayne County","New York"
"36123",2017,"B19013B_001","Black or African American alone",NA,0,NA,"Yates","Yates County","New York"
"36123",2017,"B19013C_001","American Indian and Alaska Native alone",NA,0,NA,"Yates","Yates County","New York"
"36123",2017,"B19013D_001","Asian alone",NA,0,NA,"Yates","Yates County","New York"
"36123",2017,"B19013E_001","Native Hawaiian and Other Pacific Islander alone",NA,0,NA,"Yates","Yates County","New York"
"36123",2017,"B19013F_001","Some Other Race alone",51250,28519,55.6468292682927,"Yates","Yates County","New York"
"36123",2017,"B19013G_001","Two or More Races",43125,8133,18.8591304347826,"Yates","Yates County","New York"
"36123",2017,"B19013H_001","White alone, not Hispanic or Latino",52513,3012,5.73572258297945,"Yates","Yates County","New York"
"36123",2017,"B19013I_001","Hispanic or Latino",65298,37453,57.357040031854,"Yates","Yates County","New York"
"36037",2018,"B19013B_001","Black or African American alone",28750,7457,25.9373913043478,"Genesee","Genesee County","New York"
"36037",2018,"B19013C_001","American Indian and Alaska Native alone",43971,11951,27.1792772509154,"Genesee","Genesee County","New York"
"36037",2018,"B19013D_001","Asian alone",159196,107206,67.3421442749818,"Genesee","Genesee County","New York"
"36037",2018,"B19013E_001","Native Hawaiian and Other Pacific Islander alone",NA,0,NA,"Genesee","Genesee County","New York"
"36037",2018,"B19013F_001","Some Other Race alone",32028,8387,26.1864618458848,"Genesee","Genesee County","New York"
"36037",2018,"B19013G_001","Two or More Races",31449,1928,6.13056059016185,"Genesee","Genesee County","New York"
"36037",2018,"B19013H_001","White alone, not Hispanic or Latino",62709,2878,4.58945286960404,"Genesee","Genesee County","New York"
"36037",2018,"B19013I_001","Hispanic or Latino",31926,5357,16.7794274259224,"Genesee","Genesee County","New York"
"36051",2018,"B19013B_001","Black or African American alone",21333,10910,51.1414240847513,"Livingston","Livingston County","New York"
"36051",2018,"B19013C_001","American Indian and Alaska Native alone",41471,39818,96.014082129681,"Livingston","Livingston County","New York"
"36051",2018,"B19013D_001","Asian alone",59583,42574,71.4532668714231,"Livingston","Livingston County","New York"
"36051",2018,"B19013E_001","Native Hawaiian and Other Pacific Islander alone",NA,0,NA,"Livingston","Livingston County","New York"
"36051",2018,"B19013F_001","Some Other Race alone",36210,25273,69.795636564485,"Livingston","Livingston County","New York"
"36051",2018,"B19013G_001","Two or More Races",NA,0,NA,"Livingston","Livingston County","New York"
"36051",2018,"B19013H_001","White alone, not Hispanic or Latino",57130,1948,3.40976719761946,"Livingston","Livingston County","New York"
"36051",2018,"B19013I_001","Hispanic or Latino",44531,12633,28.3690013698323,"Livingston","Livingston County","New York"
"36055",2018,"B19013B_001","Black or African American alone",30034,1170,3.89558500366252,"Monroe","Monroe County","New York"
"36055",2018,"B19013C_001","American Indian and Alaska Native alone",26174,2397,9.15794299686712,"Monroe","Monroe County","New York"
"36055",2018,"B19013D_001","Asian alone",62159,4736,7.61917019257066,"Monroe","Monroe County","New York"
"36055",2018,"B19013E_001","Native Hawaiian and Other Pacific Islander alone",NA,0,NA,"Monroe","Monroe County","New York"
"36055",2018,"B19013F_001","Some Other Race alone",31164,2017,6.47221152611988,"Monroe","Monroe County","New York"
"36055",2018,"B19013G_001","Two or More Races",41198,6230,15.1220933055003,"Monroe","Monroe County","New York"
"36055",2018,"B19013H_001","White alone, not Hispanic or Latino",66410,889,1.33865381719621,"Monroe","Monroe County","New York"
"36055",2018,"B19013I_001","Hispanic or Latino",31331,2024,6.46005553605056,"Monroe","Monroe County","New York"
"36069",2018,"B19013B_001","Black or African American alone",32037,13246,41.3459437525361,"Ontario","Ontario County","New York"
"36069",2018,"B19013C_001","American Indian and Alaska Native alone",75850,59360,78.2597231377719,"Ontario","Ontario County","New York"
"36069",2018,"B19013D_001","Asian alone",85905,24206,28.1776380885862,"Ontario","Ontario County","New York"
"36069",2018,"B19013E_001","Native Hawaiian and Other Pacific Islander alone",NA,0,NA,"Ontario","Ontario County","New York"
"36069",2018,"B19013F_001","Some Other Race alone",34167,17101,50.0512190124974,"Ontario","Ontario County","New York"
"36069",2018,"B19013G_001","Two or More Races",36724,8986,24.4690120901863,"Ontario","Ontario County","New York"
"36069",2018,"B19013H_001","White alone, not Hispanic or Latino",65262,1802,2.76117802090037,"Ontario","Ontario County","New York"
"36069",2018,"B19013I_001","Hispanic or Latino",35773,4345,12.1460319235177,"Ontario","Ontario County","New York"
"36073",2018,"B19013B_001","Black or African American alone",45938,33593,73.1268231094083,"Orleans","Orleans County","New York"
"36073",2018,"B19013C_001","American Indian and Alaska Native alone",NA,0,NA,"Orleans","Orleans County","New York"
"36073",2018,"B19013D_001","Asian alone",108000,33436,30.9592592592593,"Orleans","Orleans County","New York"
"36073",2018,"B19013E_001","Native Hawaiian and Other Pacific Islander alone",NA,0,NA,"Orleans","Orleans County","New York"
"36073",2018,"B19013F_001","Some Other Race alone",18400,2536,13.7826086956522,"Orleans","Orleans County","New York"
"36073",2018,"B19013G_001","Two or More Races",NA,0,NA,"Orleans","Orleans County","New York"
"36073",2018,"B19013H_001","White alone, not Hispanic or Latino",52935,2058,3.88778690847266,"Orleans","Orleans County","New York"
"36073",2018,"B19013I_001","Hispanic or Latino",22475,21817,97.0723025583982,"Orleans","Orleans County","New York"
"36099",2018,"B19013B_001","Black or African American alone",36094,27714,76.7828447941486,"Seneca","Seneca County","New York"
"36099",2018,"B19013C_001","American Indian and Alaska Native alone",NA,0,NA,"Seneca","Seneca County","New York"
"36099",2018,"B19013D_001","Asian alone",NA,0,NA,"Seneca","Seneca County","New York"
"36099",2018,"B19013E_001","Native Hawaiian and Other Pacific Islander alone",NA,0,NA,"Seneca","Seneca County","New York"
"36099",2018,"B19013F_001","Some Other Race alone",35750,30205,84.4895104895105,"Seneca","Seneca County","New York"
"36099",2018,"B19013G_001","Two or More Races",24886,15464,62.1393554609017,"Seneca","Seneca County","New York"
"36099",2018,"B19013H_001","White alone, not Hispanic or Latino",55968,1822,3.255431675243,"Seneca","Seneca County","New York"
"36099",2018,"B19013I_001","Hispanic or Latino",35172,18786,53.4118048447629,"Seneca","Seneca County","New York"
"36117",2018,"B19013B_001","Black or African American alone",27692,11745,42.4129712552362,"Wayne","Wayne County","New York"
"36117",2018,"B19013C_001","American Indian and Alaska Native alone",52159,26218,50.2655342318679,"Wayne","Wayne County","New York"
"36117",2018,"B19013D_001","Asian alone",89205,38772,43.4639313939802,"Wayne","Wayne County","New York"
"36117",2018,"B19013E_001","Native Hawaiian and Other Pacific Islander alone",NA,0,NA,"Wayne","Wayne County","New York"
"36117",2018,"B19013F_001","Some Other Race alone",37548,20156,53.680622136998,"Wayne","Wayne County","New York"
"36117",2018,"B19013G_001","Two or More Races",58047,29671,51.1154753906317,"Wayne","Wayne County","New York"
"36117",2018,"B19013H_001","White alone, not Hispanic or Latino",56222,1656,2.94546618761339,"Wayne","Wayne County","New York"
"36117",2018,"B19013I_001","Hispanic or Latino",50195,19605,39.0576750672378,"Wayne","Wayne County","New York"
"36123",2018,"B19013B_001","Black or African American alone",NA,0,NA,"Yates","Yates County","New York"
"36123",2018,"B19013C_001","American Indian and Alaska Native alone",NA,0,NA,"Yates","Yates County","New York"
"36123",2018,"B19013D_001","Asian alone",33438,20508,61.3314193432622,"Yates","Yates County","New York"
"36123",2018,"B19013E_001","Native Hawaiian and Other Pacific Islander alone",NA,0,NA,"Yates","Yates County","New York"
"36123",2018,"B19013F_001","Some Other Race alone",56250,46864,83.3137777777778,"Yates","Yates County","New York"
"36123",2018,"B19013G_001","Two or More Races",44688,24977,55.8919620479771,"Yates","Yates County","New York"
"36123",2018,"B19013H_001","White alone, not Hispanic or Latino",55069,3023,5.48947683814851,"Yates","Yates County","New York"
"36123",2018,"B19013I_001","Hispanic or Latino",NA,0,NA,"Yates","Yates County","New York"
"36037",2019,"B19013B_001","Black or African American alone",31226,8204,26.2729776468328,"Genesee","Genesee County","New York"
"36037",2019,"B19013C_001","American Indian and Alaska Native alone",37083,20734,55.9124126958445,"Genesee","Genesee County","New York"
"36037",2019,"B19013D_001","Asian alone",NA,0,NA,"Genesee","Genesee County","New York"
"36037",2019,"B19013E_001","Native Hawaiian and Other Pacific Islander alone",NA,0,NA,"Genesee","Genesee County","New York"
"36037",2019,"B19013F_001","Some Other Race alone",32048,8429,26.3011732401398,"Genesee","Genesee County","New York"
"36037",2019,"B19013G_001","Two or More Races",31566,1816,5.75302540708357,"Genesee","Genesee County","New York"
"36037",2019,"B19013H_001","White alone, not Hispanic or Latino",64033,2060,3.21709118735652,"Genesee","Genesee County","New York"
"36037",2019,"B19013I_001","Hispanic or Latino",31913,2905,9.10287343715727,"Genesee","Genesee County","New York"
"36051",2019,"B19013B_001","Black or African American alone",27460,13054,47.5382374362709,"Livingston","Livingston County","New York"
"36051",2019,"B19013C_001","American Indian and Alaska Native alone",NA,0,NA,"Livingston","Livingston County","New York"
"36051",2019,"B19013D_001","Asian alone",84107,41486,49.3252642467333,"Livingston","Livingston County","New York"
"36051",2019,"B19013E_001","Native Hawaiian and Other Pacific Islander alone",NA,0,NA,"Livingston","Livingston County","New York"
"36051",2019,"B19013F_001","Some Other Race alone",34437,13744,39.9105613148648,"Livingston","Livingston County","New York"
"36051",2019,"B19013G_001","Two or More Races",NA,0,NA,"Livingston","Livingston County","New York"
"36051",2019,"B19013H_001","White alone, not Hispanic or Latino",60450,2509,4.1505376344086,"Livingston","Livingston County","New York"
"36051",2019,"B19013I_001","Hispanic or Latino",46438,29795,64.1608165726345,"Livingston","Livingston County","New York"
"36055",2019,"B19013B_001","Black or African American alone",32005,1775,5.54600843618185,"Monroe","Monroe County","New York"
"36055",2019,"B19013C_001","American Indian and Alaska Native alone",26762,3733,13.9488827441895,"Monroe","Monroe County","New York"
"36055",2019,"B19013D_001","Asian alone",65884,5719,8.68040798980025,"Monroe","Monroe County","New York"
"36055",2019,"B19013E_001","Native Hawaiian and Other Pacific Islander alone",NA,0,NA,"Monroe","Monroe County","New York"
"36055",2019,"B19013F_001","Some Other Race alone",32210,2195,6.81465383421298,"Monroe","Monroe County","New York"
"36055",2019,"B19013G_001","Two or More Races",41891,6430,15.3493590508701,"Monroe","Monroe County","New York"
"36055",2019,"B19013H_001","White alone, not Hispanic or Latino",69429,914,1.31645277909807,"Monroe","Monroe County","New York"
"36055",2019,"B19013I_001","Hispanic or Latino",32224,2150,6.67204568023833,"Monroe","Monroe County","New York"
"36069",2019,"B19013B_001","Black or African American alone",28021,11523,41.1227293815353,"Ontario","Ontario County","New York"
"36069",2019,"B19013C_001","American Indian and Alaska Native alone",76250,52683,69.0924590163934,"Ontario","Ontario County","New York"
"36069",2019,"B19013D_001","Asian alone",109258,38517,35.2532537663146,"Ontario","Ontario County","New York"
"36069",2019,"B19013E_001","Native Hawaiian and Other Pacific Islander alone",NA,0,NA,"Ontario","Ontario County","New York"
"36069",2019,"B19013F_001","Some Other Race alone",30950,10698,34.5654281098546,"Ontario","Ontario County","New York"
"36069",2019,"B19013G_001","Two or More Races",63611,34129,53.6526701356684,"Ontario","Ontario County","New York"
"36069",2019,"B19013H_001","White alone, not Hispanic or Latino",66584,1738,2.61023669349994,"Ontario","Ontario County","New York"
"36069",2019,"B19013I_001","Hispanic or Latino",34619,5677,16.3985094890089,"Ontario","Ontario County","New York"
"36073",2019,"B19013B_001","Black or African American alone",40202,11542,28.7100144271429,"Orleans","Orleans County","New York"
"36073",2019,"B19013C_001","American Indian and Alaska Native alone",NA,0,NA,"Orleans","Orleans County","New York"
"36073",2019,"B19013D_001","Asian alone",110852,19810,17.8706744127305,"Orleans","Orleans County","New York"
"36073",2019,"B19013E_001","Native Hawaiian and Other Pacific Islander alone",NA,0,NA,"Orleans","Orleans County","New York"
"36073",2019,"B19013F_001","Some Other Race alone",20219,5837,28.8688857015678,"Orleans","Orleans County","New York"
"36073",2019,"B19013G_001","Two or More Races",NA,0,NA,"Orleans","Orleans County","New York"
"36073",2019,"B19013H_001","White alone, not Hispanic or Latino",53732,1745,3.24759919600983,"Orleans","Orleans County","New York"
"36073",2019,"B19013I_001","Hispanic or Latino",25625,24393,95.1921951219512,"Orleans","Orleans County","New York"
"36099",2019,"B19013B_001","Black or African American alone",34539,11393,32.9858999971047,"Seneca","Seneca County","New York"
"36099",2019,"B19013C_001","American Indian and Alaska Native alone",NA,0,NA,"Seneca","Seneca County","New York"
"36099",2019,"B19013D_001","Asian alone",8947,6807,76.0813680563317,"Seneca","Seneca County","New York"
"36099",2019,"B19013E_001","Native Hawaiian and Other Pacific Islander alone",NA,0,NA,"Seneca","Seneca County","New York"
"36099",2019,"B19013F_001","Some Other Race alone",36314,11208,30.8641295368178,"Seneca","Seneca County","New York"
"36099",2019,"B19013G_001","Two or More Races",17500,17237,98.4971428571429,"Seneca","Seneca County","New York"
"36099",2019,"B19013H_001","White alone, not Hispanic or Latino",55636,2624,4.7163706952333,"Seneca","Seneca County","New York"
"36099",2019,"B19013I_001","Hispanic or Latino",42708,26724,62.5737566732228,"Seneca","Seneca County","New York"
"36117",2019,"B19013B_001","Black or African American alone",24615,17022,69.1529555149299,"Wayne","Wayne County","New York"
"36117",2019,"B19013C_001","American Indian and Alaska Native alone",56250,12189,21.6693333333333,"Wayne","Wayne County","New York"
"36117",2019,"B19013D_001","Asian alone",69783,25746,36.8943725549203,"Wayne","Wayne County","New York"
"36117",2019,"B19013E_001","Native Hawaiian and Other Pacific Islander alone",NA,0,NA,"Wayne","Wayne County","New York"
"36117",2019,"B19013F_001","Some Other Race alone",34390,7061,20.5321314335563,"Wayne","Wayne County","New York"
"36117",2019,"B19013G_001","Two or More Races",52159,35435,67.9365018501122,"Wayne","Wayne County","New York"
"36117",2019,"B19013H_001","White alone, not Hispanic or Latino",60585,1817,2.99909218453413,"Wayne","Wayne County","New York"
"36117",2019,"B19013I_001","Hispanic or Latino",39720,11592,29.1842900302115,"Wayne","Wayne County","New York"
"36123",2019,"B19013B_001","Black or African American alone",NA,0,NA,"Yates","Yates County","New York"
"36123",2019,"B19013C_001","American Indian and Alaska Native alone",NA,0,NA,"Yates","Yates County","New York"
"36123",2019,"B19013D_001","Asian alone",32955,16594,50.3535123653467,"Yates","Yates County","New York"
"36123",2019,"B19013E_001","Native Hawaiian and Other Pacific Islander alone",NA,0,NA,"Yates","Yates County","New York"
"36123",2019,"B19013F_001","Some Other Race alone",NA,0,NA,"Yates","Yates County","New York"
"36123",2019,"B19013G_001","Two or More Races",48125,14492,30.1132467532468,"Yates","Yates County","New York"
"36123",2019,"B19013H_001","White alone, not Hispanic or Latino",57359,3087,5.38189298976621,"Yates","Yates County","New York"
"36123",2019,"B19013I_001","Hispanic or Latino",68125,44622,65.5001834862385,"Yates","Yates County","New York"
"36037",2020,"B19013B_001","Black or African American alone",40872,19774,48.3803092581719,"Genesee","Genesee County","New York"
"36037",2020,"B19013C_001","American Indian and Alaska Native alone",44000,18145,41.2386363636364,"Genesee","Genesee County","New York"
"36037",2020,"B19013D_001","Asian alone",43894,11288,25.71649883811,"Genesee","Genesee County","New York"
"36037",2020,"B19013E_001","Native Hawaiian and Other Pacific Islander alone",NA,0,NA,"Genesee","Genesee County","New York"
"36037",2020,"B19013F_001","Some Other Race alone",46250,10643,23.0118918918919,"Genesee","Genesee County","New York"
"36037",2020,"B19013G_001","Two or More Races",40208,16790,41.7578591325109,"Genesee","Genesee County","New York"
"36037",2020,"B19013H_001","White alone, not Hispanic or Latino",62767,3770,6.00634091162554,"Genesee","Genesee County","New York"
"36037",2020,"B19013I_001","Hispanic or Latino",47708,11340,23.7695983902071,"Genesee","Genesee County","New York"
"36051",2020,"B19013B_001","Black or African American alone",29821,10771,36.118842426478,"Livingston","Livingston County","New York"
"36051",2020,"B19013C_001","American Indian and Alaska Native alone",NA,0,NA,"Livingston","Livingston County","New York"
"36051",2020,"B19013D_001","Asian alone",NA,0,NA,"Livingston","Livingston County","New York"
"36051",2020,"B19013E_001","Native Hawaiian and Other Pacific Islander alone",NA,0,NA,"Livingston","Livingston County","New York"
"36051",2020,"B19013F_001","Some Other Race alone",NA,0,NA,"Livingston","Livingston County","New York"
"36051",2020,"B19013G_001","Two or More Races",51322,10827,21.0962160476988,"Livingston","Livingston County","New York"
"36051",2020,"B19013H_001","White alone, not Hispanic or Latino",61206,2176,3.5552070058491,"Livingston","Livingston County","New York"
"36051",2020,"B19013I_001","Hispanic or Latino",54792,34041,62.1276828734122,"Livingston","Livingston County","New York"
"36055",2020,"B19013B_001","Black or African American alone",34010,2556,7.51543663628345,"Monroe","Monroe County","New York"
"36055",2020,"B19013C_001","American Indian and Alaska Native alone",26833,3439,12.8163082771215,"Monroe","Monroe County","New York"
"36055",2020,"B19013D_001","Asian alone",69181,9248,13.3678322082653,"Monroe","Monroe County","New York"
"36055",2020,"B19013E_001","Native Hawaiian and Other Pacific Islander alone",NA,0,NA,"Monroe","Monroe County","New York"
"36055",2020,"B19013F_001","Some Other Race alone",39221,6392,16.2973917034242,"Monroe","Monroe County","New York"
"36055",2020,"B19013G_001","Two or More Races",43962,5348,12.1650516355034,"Monroe","Monroe County","New York"
"36055",2020,"B19013H_001","White alone, not Hispanic or Latino",71773,1155,1.60924024354562,"Monroe","Monroe County","New York"
"36055",2020,"B19013I_001","Hispanic or Latino",35417,3338,9.42485247197673,"Monroe","Monroe County","New York"
"36069",2020,"B19013B_001","Black or African American alone",28510,5664,19.8667134338829,"Ontario","Ontario County","New York"
"36069",2020,"B19013C_001","American Indian and Alaska Native alone",NA,0,NA,"Ontario","Ontario County","New York"
"36069",2020,"B19013D_001","Asian alone",130272,59646,45.7857406042741,"Ontario","Ontario County","New York"
"36069",2020,"B19013E_001","Native Hawaiian and Other Pacific Islander alone",NA,0,NA,"Ontario","Ontario County","New York"
"36069",2020,"B19013F_001","Some Other Race alone",38382,16561,43.1478297118441,"Ontario","Ontario County","New York"
"36069",2020,"B19013G_001","Two or More Races",56947,11745,20.6244402690221,"Ontario","Ontario County","New York"
"36069",2020,"B19013H_001","White alone, not Hispanic or Latino",66091,2175,3.29091706888986,"Ontario","Ontario County","New York"
"36069",2020,"B19013I_001","Hispanic or Latino",43977,12672,28.8150624189917,"Ontario","Ontario County","New York"
"36073",2020,"B19013B_001","Black or African American alone",65179,54428,83.5054235259823,"Orleans","Orleans County","New York"
"36073",2020,"B19013C_001","American Indian and Alaska Native alone",21100,7631,36.1658767772512,"Orleans","Orleans County","New York"
"36073",2020,"B19013D_001","Asian alone",110903,42268,38.1125848714643,"Orleans","Orleans County","New York"
"36073",2020,"B19013E_001","Native Hawaiian and Other Pacific Islander alone",NA,0,NA,"Orleans","Orleans County","New York"
"36073",2020,"B19013F_001","Some Other Race alone",16953,13080,77.1544859316935,"Orleans","Orleans County","New York"
"36073",2020,"B19013G_001","Two or More Races",61833,33544,54.2493490530946,"Orleans","Orleans County","New York"
"36073",2020,"B19013H_001","White alone, not Hispanic or Latino",53237,2372,4.45554783327385,"Orleans","Orleans County","New York"
"36073",2020,"B19013I_001","Hispanic or Latino",47031,21867,46.4948650889839,"Orleans","Orleans County","New York"
"36099",2020,"B19013B_001","Black or African American alone",42188,26303,62.3471129231061,"Seneca","Seneca County","New York"
"36099",2020,"B19013C_001","American Indian and Alaska Native alone",NA,0,NA,"Seneca","Seneca County","New York"
"36099",2020,"B19013D_001","Asian alone",NA,0,NA,"Seneca","Seneca County","New York"
"36099",2020,"B19013E_001","Native Hawaiian and Other Pacific Islander alone",NA,0,NA,"Seneca","Seneca County","New York"
"36099",2020,"B19013F_001","Some Other Race alone",38654,12692,32.8348941894759,"Seneca","Seneca County","New York"
"36099",2020,"B19013G_001","Two or More Races",NA,0,NA,"Seneca","Seneca County","New York"
"36099",2020,"B19013H_001","White alone, not Hispanic or Latino",56222,2648,4.70990003913059,"Seneca","Seneca County","New York"
"36099",2020,"B19013I_001","Hispanic or Latino",NA,0,NA,"Seneca","Seneca County","New York"
"36117",2020,"B19013B_001","Black or African American alone",24375,19919,81.7189743589744,"Wayne","Wayne County","New York"
"36117",2020,"B19013C_001","American Indian and Alaska Native alone",NA,0,NA,"Wayne","Wayne County","New York"
"36117",2020,"B19013D_001","Asian alone",91750,37328,40.6844686648501,"Wayne","Wayne County","New York"
"36117",2020,"B19013E_001","Native Hawaiian and Other Pacific Islander alone",NA,0,NA,"Wayne","Wayne County","New York"
"36117",2020,"B19013F_001","Some Other Race alone",NA,0,NA,"Wayne","Wayne County","New York"
"36117",2020,"B19013G_001","Two or More Races",61607,17381,28.2127031019202,"Wayne","Wayne County","New York"
"36117",2020,"B19013H_001","White alone, not Hispanic or Latino",63278,2120,3.35029552135023,"Wayne","Wayne County","New York"
"36117",2020,"B19013I_001","Hispanic or Latino",45875,14996,32.6888283378747,"Wayne","Wayne County","New York"
"36123",2020,"B19013B_001","Black or African American alone",16472,706,4.28606119475474,"Yates","Yates County","New York"
"36123",2020,"B19013C_001","American Indian and Alaska Native alone",NA,0,NA,"Yates","Yates County","New York"
"36123",2020,"B19013D_001","Asian alone",33125,12281,37.0747169811321,"Yates","Yates County","New York"
"36123",2020,"B19013E_001","Native Hawaiian and Other Pacific Islander alone",NA,0,NA,"Yates","Yates County","New York"
"36123",2020,"B19013F_001","Some Other Race alone",NA,0,NA,"Yates","Yates County","New York"
"36123",2020,"B19013G_001","Two or More Races",48750,35112,72.0246153846154,"Yates","Yates County","New York"
"36123",2020,"B19013H_001","White alone, not Hispanic or Latino",56134,3618,6.44529162361492,"Yates","Yates County","New York"
"36123",2020,"B19013I_001","Hispanic or Latino",54375,47222,86.8450574712644,"Yates","Yates County","New York"
"36037",2021,"B19013B_001","Black or African American alone",36384,20871,57.3631266490765,"Genesee","Genesee County","New York"
"36037",2021,"B19013C_001","American Indian and Alaska Native alone",37813,20121,53.211858355592,"Genesee","Genesee County","New York"
"36037",2021,"B19013D_001","Asian alone",NA,0,NA,"Genesee","Genesee County","New York"
"36037",2021,"B19013E_001","Native Hawaiian and Other Pacific Islander alone",NA,0,NA,"Genesee","Genesee County","New York"
"36037",2021,"B19013F_001","Some Other Race alone",75000,39653,52.8706666666667,"Genesee","Genesee County","New York"
"36037",2021,"B19013G_001","Two or More Races",50185,14180,28.2554548171764,"Genesee","Genesee County","New York"
"36037",2021,"B19013H_001","White alone, not Hispanic or Latino",65794,3991,6.06590266589659,"Genesee","Genesee County","New York"
"36037",2021,"B19013I_001","Hispanic or Latino",52333,11524,22.0205224237097,"Genesee","Genesee County","New York"
"36051",2021,"B19013B_001","Black or African American alone",32188,20860,64.8067602833354,"Livingston","Livingston County","New York"
"36051",2021,"B19013C_001","American Indian and Alaska Native alone",NA,0,NA,"Livingston","Livingston County","New York"
"36051",2021,"B19013D_001","Asian alone",NA,0,NA,"Livingston","Livingston County","New York"
"36051",2021,"B19013E_001","Native Hawaiian and Other Pacific Islander alone",NA,0,NA,"Livingston","Livingston County","New York"
"36051",2021,"B19013F_001","Some Other Race alone",NA,0,NA,"Livingston","Livingston County","New York"
"36051",2021,"B19013G_001","Two or More Races",57232,13670,23.8852390271177,"Livingston","Livingston County","New York"
"36051",2021,"B19013H_001","White alone, not Hispanic or Latino",65711,3060,4.65675457685928,"Livingston","Livingston County","New York"
"36051",2021,"B19013I_001","Hispanic or Latino",48438,23557,48.6333044304059,"Livingston","Livingston County","New York"
"36055",2021,"B19013B_001","Black or African American alone",36168,1624,4.49015704490157,"Monroe","Monroe County","New York"
"36055",2021,"B19013C_001","American Indian and Alaska Native alone",30100,6044,20.0797342192691,"Monroe","Monroe County","New York"
"36055",2021,"B19013D_001","Asian alone",64700,5520,8.53168469860896,"Monroe","Monroe County","New York"
"36055",2021,"B19013E_001","Native Hawaiian and Other Pacific Islander alone",40893,15563,38.0578583131587,"Monroe","Monroe County","New York"
"36055",2021,"B19013F_001","Some Other Race alone",37383,5299,14.1748923307386,"Monroe","Monroe County","New York"
"36055",2021,"B19013G_001","Two or More Races",53381,5207,9.75440699874487,"Monroe","Monroe County","New York"
"36055",2021,"B19013H_001","White alone, not Hispanic or Latino",75666,1127,1.48944043559855,"Monroe","Monroe County","New York"
"36055",2021,"B19013I_001","Hispanic or Latino",39124,3244,8.29158572743073,"Monroe","Monroe County","New York"
"36069",2021,"B19013B_001","Black or African American alone",52321,20877,39.9017602874563,"Ontario","Ontario County","New York"
"36069",2021,"B19013C_001","American Indian and Alaska Native alone",43125,33388,77.4214492753623,"Ontario","Ontario County","New York"
"36069",2021,"B19013D_001","Asian alone",105789,50066,47.3262815604647,"Ontario","Ontario County","New York"
"36069",2021,"B19013E_001","Native Hawaiian and Other Pacific Islander alone",NA,0,NA,"Ontario","Ontario County","New York"
"36069",2021,"B19013F_001","Some Other Race alone",52614,37961,72.1499980993652,"Ontario","Ontario County","New York"
"36069",2021,"B19013G_001","Two or More Races",67917,18421,27.122811667182,"Ontario","Ontario County","New York"
"36069",2021,"B19013H_001","White alone, not Hispanic or Latino",71990,3168,4.40061119599944,"Ontario","Ontario County","New York"
"36069",2021,"B19013I_001","Hispanic or Latino",58790,6441,10.9559448885865,"Ontario","Ontario County","New York"
"36073",2021,"B19013B_001","Black or African American alone",NA,0,NA,"Orleans","Orleans County","New York"
"36073",2021,"B19013C_001","American Indian and Alaska Native alone",39167,34733,88.6792452830189,"Orleans","Orleans County","New York"
"36073",2021,"B19013D_001","Asian alone",116875,20688,17.7009625668449,"Orleans","Orleans County","New York"
"36073",2021,"B19013E_001","Native Hawaiian and Other Pacific Islander alone",NA,0,NA,"Orleans","Orleans County","New York"
"36073",2021,"B19013F_001","Some Other Race alone",15942,11427,71.6785848701543,"Orleans","Orleans County","New York"
"36073",2021,"B19013G_001","Two or More Races",98068,71214,72.6169596606436,"Orleans","Orleans County","New York"
"36073",2021,"B19013H_001","White alone, not Hispanic or Latino",55321,3237,5.85130420635925,"Orleans","Orleans County","New York"
"36073",2021,"B19013I_001","Hispanic or Latino",38214,32028,83.812215418433,"Orleans","Orleans County","New York"
"36099",2021,"B19013B_001","Black or African American alone",41429,29753,71.8168432740351,"Seneca","Seneca County","New York"
"36099",2021,"B19013C_001","American Indian and Alaska Native alone",NA,0,NA,"Seneca","Seneca County","New York"
"36099",2021,"B19013D_001","Asian alone",54485,24866,45.6382490593741,"Seneca","Seneca County","New York"
"36099",2021,"B19013E_001","Native Hawaiian and Other Pacific Islander alone",NA,0,NA,"Seneca","Seneca County","New York"
"36099",2021,"B19013F_001","Some Other Race alone",58155,46750,80.388616627977,"Seneca","Seneca County","New York"
"36099",2021,"B19013G_001","Two or More Races",NA,0,NA,"Seneca","Seneca County","New York"
"36099",2021,"B19013H_001","White alone, not Hispanic or Latino",60429,2668,4.41509871088385,"Seneca","Seneca County","New York"
"36099",2021,"B19013I_001","Hispanic or Latino",NA,0,NA,"Seneca","Seneca County","New York"
"36117",2021,"B19013B_001","Black or African American alone",44659,14338,32.1055106473499,"Wayne","Wayne County","New York"
"36117",2021,"B19013C_001","American Indian and Alaska Native alone",NA,0,NA,"Wayne","Wayne County","New York"
"36117",2021,"B19013D_001","Asian alone",100500,45298,45.0726368159204,"Wayne","Wayne County","New York"
"36117",2021,"B19013E_001","Native Hawaiian and Other Pacific Islander alone",NA,0,NA,"Wayne","Wayne County","New York"
"36117",2021,"B19013F_001","Some Other Race alone",23263,4670,20.0747968877617,"Wayne","Wayne County","New York"
"36117",2021,"B19013G_001","Two or More Races",54806,9427,17.2006714593293,"Wayne","Wayne County","New York"
"36117",2021,"B19013H_001","White alone, not Hispanic or Latino",65392,2264,3.46219721066797,"Wayne","Wayne County","New York"
"36117",2021,"B19013I_001","Hispanic or Latino",52883,19303,36.5013331316302,"Wayne","Wayne County","New York"
"36123",2021,"B19013B_001","Black or African American alone",16464,503,3.05515063168124,"Yates","Yates County","New York"
"36123",2021,"B19013C_001","American Indian and Alaska Native alone",NA,0,NA,"Yates","Yates County","New York"
"36123",2021,"B19013D_001","Asian alone",34423,2481,7.20739040757633,"Yates","Yates County","New York"
"36123",2021,"B19013E_001","Native Hawaiian and Other Pacific Islander alone",NA,0,NA,"Yates","Yates County","New York"
"36123",2021,"B19013F_001","Some Other Race alone",NA,0,NA,"Yates","Yates County","New York"
"36123",2021,"B19013G_001","Two or More Races",55500,19608,35.3297297297297,"Yates","Yates County","New York"
"36123",2021,"B19013H_001","White alone, not Hispanic or Latino",59876,3968,6.62702919366691,"Yates","Yates County","New York"
"36123",2021,"B19013I_001","Hispanic or Latino",NA,0,NA,"Yates","Yates County","New York"
"36037",2022,"B19013B_001","Black or African American alone",36921,34414,93.2098263860675,"Genesee","Genesee County","New York"
"36037",2022,"B19013C_001","American Indian and Alaska Native alone",50221,17407,34.6607992672388,"Genesee","Genesee County","New York"
"36037",2022,"B19013D_001","Asian alone",47813,25462,53.2532993119026,"Genesee","Genesee County","New York"
"36037",2022,"B19013E_001","Native Hawaiian and Other Pacific Islander alone",NA,0,NA,"Genesee","Genesee County","New York"
"36037",2022,"B19013F_001","Some Other Race alone",68083,36256,53.2526475037821,"Genesee","Genesee County","New York"
"36037",2022,"B19013G_001","Two or More Races",55515,17509,31.5392236332523,"Genesee","Genesee County","New York"
"36037",2022,"B19013H_001","White alone, not Hispanic or Latino",69735,3701,5.30723453072345,"Genesee","Genesee County","New York"
"36037",2022,"B19013I_001","Hispanic or Latino",60729,21874,36.019035386718,"Genesee","Genesee County","New York"
"36051",2022,"B19013B_001","Black or African American alone",59250,48769,82.3105485232067,"Livingston","Livingston County","New York"
"36051",2022,"B19013C_001","American Indian and Alaska Native alone",NA,0,NA,"Livingston","Livingston County","New York"
"36051",2022,"B19013D_001","Asian alone",66488,29117,43.7928648778727,"Livingston","Livingston County","New York"
"36051",2022,"B19013E_001","Native Hawaiian and Other Pacific Islander alone",NA,0,NA,"Livingston","Livingston County","New York"
"36051",2022,"B19013F_001","Some Other Race alone",NA,0,NA,"Livingston","Livingston County","New York"
"36051",2022,"B19013G_001","Two or More Races",65304,13804,21.1380619870146,"Livingston","Livingston County","New York"
"36051",2022,"B19013H_001","White alone, not Hispanic or Latino",71555,3601,5.03249248829572,"Livingston","Livingston County","New York"
"36051",2022,"B19013I_001","Hispanic or Latino",60563,21553,35.5877350857784,"Livingston","Livingston County","New York"
"36055",2022,"B19013B_001","Black or African American alone",39892,1981,4.96590795146897,"Monroe","Monroe County","New York"
"36055",2022,"B19013C_001","American Indian and Alaska Native alone",40114,7121,17.7519070648651,"Monroe","Monroe County","New York"
"36055",2022,"B19013D_001","Asian alone",70119,6323,9.01752734636832,"Monroe","Monroe County","New York"
"36055",2022,"B19013E_001","Native Hawaiian and Other Pacific Islander alone",45761,32216,70.4005594283342,"Monroe","Monroe County","New York"
"36055",2022,"B19013F_001","Some Other Race alone",38686,5075,13.1184407796102,"Monroe","Monroe County","New York"
"36055",2022,"B19013G_001","Two or More Races",62116,3845,6.19003155386696,"Monroe","Monroe County","New York"
"36055",2022,"B19013H_001","White alone, not Hispanic or Latino",81486,1166,1.43092064894583,"Monroe","Monroe County","New York"
"36055",2022,"B19013I_001","Hispanic or Latino",44784,3762,8.40032154340836,"Monroe","Monroe County","New York"
"36069",2022,"B19013B_001","Black or African American alone",58224,27432,47.1145919208574,"Ontario","Ontario County","New York"
"36069",2022,"B19013C_001","American Indian and Alaska Native alone",87841,24204,27.5543311210027,"Ontario","Ontario County","New York"
"36069",2022,"B19013D_001","Asian alone",137054,67682,49.3834546966889,"Ontario","Ontario County","New York"
"36069",2022,"B19013E_001","Native Hawaiian and Other Pacific Islander alone",NA,0,NA,"Ontario","Ontario County","New York"
"36069",2022,"B19013F_001","Some Other Race alone",70521,27236,38.6211199500858,"Ontario","Ontario County","New York"
"36069",2022,"B19013G_001","Two or More Races",66597,17267,25.9275943360812,"Ontario","Ontario County","New York"
"36069",2022,"B19013H_001","White alone, not Hispanic or Latino",77291,3341,4.32262488517421,"Ontario","Ontario County","New York"
"36069",2022,"B19013I_001","Hispanic or Latino",64308,5188,8.06742551471046,"Ontario","Ontario County","New York"
"36073",2022,"B19013B_001","Black or African American alone",122861,62080,50.528646193666,"Orleans","Orleans County","New York"
"36073",2022,"B19013C_001","American Indian and Alaska Native alone",86417,37951,43.9161276137797,"Orleans","Orleans County","New York"
"36073",2022,"B19013D_001","Asian alone",143690,81881,56.9844804788085,"Orleans","Orleans County","New York"
"36073",2022,"B19013E_001","Native Hawaiian and Other Pacific Islander alone",NA,0,NA,"Orleans","Orleans County","New York"
"36073",2022,"B19013F_001","Some Other Race alone",NA,0,NA,"Orleans","Orleans County","New York"
"36073",2022,"B19013G_001","Two or More Races",94148,46138,49.0058206228491,"Orleans","Orleans County","New York"
"36073",2022,"B19013H_001","White alone, not Hispanic or Latino",60286,2770,4.5947649537206,"Orleans","Orleans County","New York"
"36073",2022,"B19013I_001","Hispanic or Latino",58092,27090,46.6329270811816,"Orleans","Orleans County","New York"
"36099",2022,"B19013B_001","Black or African American alone",NA,0,NA,"Seneca","Seneca County","New York"
"36099",2022,"B19013C_001","American Indian and Alaska Native alone",NA,0,NA,"Seneca","Seneca County","New York"
"36099",2022,"B19013D_001","Asian alone",76071,28480,37.438708574884,"Seneca","Seneca County","New York"
"36099",2022,"B19013E_001","Native Hawaiian and Other Pacific Islander alone",NA,0,NA,"Seneca","Seneca County","New York"
"36099",2022,"B19013F_001","Some Other Race alone",NA,0,NA,"Seneca","Seneca County","New York"
"36099",2022,"B19013G_001","Two or More Races",NA,0,NA,"Seneca","Seneca County","New York"
"36099",2022,"B19013H_001","White alone, not Hispanic or Latino",65309,3150,4.82322497664947,"Seneca","Seneca County","New York"
"36099",2022,"B19013I_001","Hispanic or Latino",NA,0,NA,"Seneca","Seneca County","New York"
"36117",2022,"B19013B_001","Black or African American alone",63750,28285,44.3686274509804,"Wayne","Wayne County","New York"
"36117",2022,"B19013C_001","American Indian and Alaska Native alone",36078,17748,49.1934142690837,"Wayne","Wayne County","New York"
"36117",2022,"B19013D_001","Asian alone",89167,54183,60.7657541467135,"Wayne","Wayne County","New York"
"36117",2022,"B19013E_001","Native Hawaiian and Other Pacific Islander alone",NA,0,NA,"Wayne","Wayne County","New York"
"36117",2022,"B19013F_001","Some Other Race alone",30395,16327,53.7160717223228,"Wayne","Wayne County","New York"
"36117",2022,"B19013G_001","Two or More Races",58373,6187,10.5990783410138,"Wayne","Wayne County","New York"
"36117",2022,"B19013H_001","White alone, not Hispanic or Latino",72635,2543,3.50106697872926,"Wayne","Wayne County","New York"
"36117",2022,"B19013I_001","Hispanic or Latino",45046,13419,29.7895484615726,"Wayne","Wayne County","New York"
"36123",2022,"B19013B_001","Black or African American alone",NA,0,NA,"Yates","Yates County","New York"
"36123",2022,"B19013C_001","American Indian and Alaska Native alone",NA,0,NA,"Yates","Yates County","New York"
"36123",2022,"B19013D_001","Asian alone",37125,1822,4.90774410774411,"Yates","Yates County","New York"
"36123",2022,"B19013E_001","Native Hawaiian and Other Pacific Islander alone",NA,0,NA,"Yates","Yates County","New York"
"36123",2022,"B19013F_001","Some Other Race alone",NA,0,NA,"Yates","Yates County","New York"
"36123",2022,"B19013G_001","Two or More Races",61705,22793,36.938659752046,"Yates","Yates County","New York"
"36123",2022,"B19013H_001","White alone, not Hispanic or Latino",64991,3324,5.11455432290625,"Yates","Yates County","New York"
"36123",2022,"B19013I_001","Hispanic or Latino",60817,15231,25.0439844122532,"Yates","Yates County","New York"
"36037",2023,"B19013B_001","Black or African American alone",51339,41642,81.1118253179844,"Genesee","Genesee County","New York"
"36037",2023,"B19013C_001","American Indian and Alaska Native alone",53214,39438,74.1120757695343,"Genesee","Genesee County","New York"
"36037",2023,"B19013D_001","Asian alone",NA,0,NA,"Genesee","Genesee County","New York"
"36037",2023,"B19013E_001","Native Hawaiian and Other Pacific Islander alone",NA,0,NA,"Genesee","Genesee County","New York"
"36037",2023,"B19013F_001","Some Other Race alone",70583,25402,35.988835838658,"Genesee","Genesee County","New York"
"36037",2023,"B19013G_001","Two or More Races",72256,20234,28.003210806023,"Genesee","Genesee County","New York"
"36037",2023,"B19013H_001","White alone, not Hispanic or Latino",72964,4254,5.8302724631325,"Genesee","Genesee County","New York"
"36037",2023,"B19013I_001","Hispanic or Latino",76123,15516,20.3828015185949,"Genesee","Genesee County","New York"
"36051",2023,"B19013B_001","Black or African American alone",NA,0,NA,"Livingston","Livingston County","New York"
"36051",2023,"B19013C_001","American Indian and Alaska Native alone",21000,9654,45.9714285714286,"Livingston","Livingston County","New York"
"36051",2023,"B19013D_001","Asian alone",94427,39192,41.5050779967594,"Livingston","Livingston County","New York"
"36051",2023,"B19013E_001","Native Hawaiian and Other Pacific Islander alone",NA,0,NA,"Livingston","Livingston County","New York"
"36051",2023,"B19013F_001","Some Other Race alone",173140,95294,55.0386970082015,"Livingston","Livingston County","New York"
"36051",2023,"B19013G_001","Two or More Races",68306,15959,23.3639797382368,"Livingston","Livingston County","New York"
"36051",2023,"B19013H_001","White alone, not Hispanic or Latino",72641,3112,4.28408199226332,"Livingston","Livingston County","New York"
"36051",2023,"B19013I_001","Hispanic or Latino",94375,57991,61.447417218543,"Livingston","Livingston County","New York"
"36055",2023,"B19013B_001","Black or African American alone",41852,1679,4.01175571059925,"Monroe","Monroe County","New York"
"36055",2023,"B19013C_001","American Indian and Alaska Native alone",42465,24153,56.8774284705051,"Monroe","Monroe County","New York"
"36055",2023,"B19013D_001","Asian alone",70913,8980,12.6634044533442,"Monroe","Monroe County","New York"
"36055",2023,"B19013E_001","Native Hawaiian and Other Pacific Islander alone",48643,33144,68.137244824538,"Monroe","Monroe County","New York"
"36055",2023,"B19013F_001","Some Other Race alone",40833,9880,24.1961158866603,"Monroe","Monroe County","New York"
"36055",2023,"B19013G_001","Two or More Races",64111,2645,4.12565706353044,"Monroe","Monroe County","New York"
"36055",2023,"B19013H_001","White alone, not Hispanic or Latino",85445,1210,1.41611562993739,"Monroe","Monroe County","New York"
"36055",2023,"B19013I_001","Hispanic or Latino",49196,4717,9.58817790064233,"Monroe","Monroe County","New York"
"36069",2023,"B19013B_001","Black or African American alone",56027,24096,43.0078355078801,"Ontario","Ontario County","New York"
"36069",2023,"B19013C_001","American Indian and Alaska Native alone",NA,0,NA,"Ontario","Ontario County","New York"
"36069",2023,"B19013D_001","Asian alone",152566,25346,16.6131379206376,"Ontario","Ontario County","New York"
"36069",2023,"B19013E_001","Native Hawaiian and Other Pacific Islander alone",NA,0,NA,"Ontario","Ontario County","New York"
"36069",2023,"B19013F_001","Some Other Race alone",84041,16565,19.7106174367273,"Ontario","Ontario County","New York"
"36069",2023,"B19013G_001","Two or More Races",67130,7447,11.0934008639952,"Ontario","Ontario County","New York"
"36069",2023,"B19013H_001","White alone, not Hispanic or Latino",80497,3026,3.75914630358895,"Ontario","Ontario County","New York"
"36069",2023,"B19013I_001","Hispanic or Latino",65438,5245,8.01522051407439,"Ontario","Ontario County","New York"
"36073",2023,"B19013B_001","Black or African American alone",NA,0,NA,"Orleans","Orleans County","New York"
"36073",2023,"B19013C_001","American Indian and Alaska Native alone",NA,0,NA,"Orleans","Orleans County","New York"
"36073",2023,"B19013D_001","Asian alone",148482,119333,80.3686642151911,"Orleans","Orleans County","New York"
"36073",2023,"B19013E_001","Native Hawaiian and Other Pacific Islander alone",NA,0,NA,"Orleans","Orleans County","New York"
"36073",2023,"B19013F_001","Some Other Race alone",157938,94936,60.1096632855931,"Orleans","Orleans County","New York"
"36073",2023,"B19013G_001","Two or More Races",72763,35690,49.049654357297,"Orleans","Orleans County","New York"
"36073",2023,"B19013H_001","White alone, not Hispanic or Latino",63014,3047,4.83543339575332,"Orleans","Orleans County","New York"
"36073",2023,"B19013I_001","Hispanic or Latino",62052,31378,50.5672661638626,"Orleans","Orleans County","New York"
"36099",2023,"B19013B_001","Black or African American alone",32250,17743,55.0170542635659,"Seneca","Seneca County","New York"
"36099",2023,"B19013C_001","American Indian and Alaska Native alone",2499,0,0,"Seneca","Seneca County","New York"
"36099",2023,"B19013D_001","Asian alone",78269,23571,30.1153713475322,"Seneca","Seneca County","New York"
"36099",2023,"B19013E_001","Native Hawaiian and Other Pacific Islander alone",NA,0,NA,"Seneca","Seneca County","New York"
"36099",2023,"B19013F_001","Some Other Race alone",NA,0,NA,"Seneca","Seneca County","New York"
"36099",2023,"B19013G_001","Two or More Races",77614,31981,41.2051949390574,"Seneca","Seneca County","New York"
"36099",2023,"B19013H_001","White alone, not Hispanic or Latino",66671,4099,6.14810037347572,"Seneca","Seneca County","New York"
"36099",2023,"B19013I_001","Hispanic or Latino",51125,42010,82.1711491442543,"Seneca","Seneca County","New York"
"36117",2023,"B19013B_001","Black or African American alone",49831,21190,42.5237302081034,"Wayne","Wayne County","New York"
"36117",2023,"B19013C_001","American Indian and Alaska Native alone",36263,758,2.09028486335935,"Wayne","Wayne County","New York"
"36117",2023,"B19013D_001","Asian alone",NA,0,NA,"Wayne","Wayne County","New York"
"36117",2023,"B19013E_001","Native Hawaiian and Other Pacific Islander alone",NA,0,NA,"Wayne","Wayne County","New York"
"36117",2023,"B19013F_001","Some Other Race alone",26629,15347,57.6326561267791,"Wayne","Wayne County","New York"
"36117",2023,"B19013G_001","Two or More Races",60568,4132,6.82208426892088,"Wayne","Wayne County","New York"
"36117",2023,"B19013H_001","White alone, not Hispanic or Latino",76029,2643,3.47630509410883,"Wayne","Wayne County","New York"
"36117",2023,"B19013I_001","Hispanic or Latino",58236,11627,19.9653135517549,"Wayne","Wayne County","New York"
"36123",2023,"B19013B_001","Black or African American alone",NA,0,NA,"Yates","Yates County","New York"
"36123",2023,"B19013C_001","American Indian and Alaska Native alone",NA,0,NA,"Yates","Yates County","New York"
"36123",2023,"B19013D_001","Asian alone",38720,427,1.10278925619835,"Yates","Yates County","New York"
"36123",2023,"B19013E_001","Native Hawaiian and Other Pacific Islander alone",NA,0,NA,"Yates","Yates County","New York"
"36123",2023,"B19013F_001","Some Other Race alone",NA,0,NA,"Yates","Yates County","New York"
"36123",2023,"B19013G_001","Two or More Races",53906,21814,40.4667383964679,"Yates","Yates County","New York"
"36123",2023,"B19013H_001","White alone, not Hispanic or Latino",68471,3771,5.50744110645383,"Yates","Yates County","New York"
"36123",2023,"B19013I_001","Hispanic or Latino",62679,18346,29.2697713747826,"Yates","Yates County","New York"
"36037",2024,"B19013B_001","Black or African American alone",NA,0,NA,"Genesee","Genesee County","New York"
"36037",2024,"B19013C_001","American Indian and Alaska Native alone",56875,40636,71.4479120879121,"Genesee","Genesee County","New York"
"36037",2024,"B19013D_001","Asian alone",NA,0,NA,"Genesee","Genesee County","New York"
"36037",2024,"B19013E_001","Native Hawaiian and Other Pacific Islander alone",NA,0,NA,"Genesee","Genesee County","New York"
"36037",2024,"B19013F_001","Some Other Race alone",73993,18152,24.5320503290852,"Genesee","Genesee County","New York"
"36037",2024,"B19013G_001","Two or More Races",59410,15368,25.8676990405656,"Genesee","Genesee County","New York"
"36037",2024,"B19013H_001","White alone, not Hispanic or Latino",73931,3058,4.13628924267222,"Genesee","Genesee County","New York"
"36037",2024,"B19013I_001","Hispanic or Latino",68571,21618,31.526447040294,"Genesee","Genesee County","New York"
"36051",2024,"B19013B_001","Black or African American alone",64327,17365,26.9948855068634,"Livingston","Livingston County","New York"
"36051",2024,"B19013C_001","American Indian and Alaska Native alone",NA,0,NA,"Livingston","Livingston County","New York"
"36051",2024,"B19013D_001","Asian alone",63393,47352,74.6959443471677,"Livingston","Livingston County","New York"
"36051",2024,"B19013E_001","Native Hawaiian and Other Pacific Islander alone",NA,0,NA,"Livingston","Livingston County","New York"
"36051",2024,"B19013F_001","Some Other Race alone",93618,87721,93.700997671388,"Livingston","Livingston County","New York"
"36051",2024,"B19013G_001","Two or More Races",75099,10315,13.7352028655508,"Livingston","Livingston County","New York"
"36051",2024,"B19013H_001","White alone, not Hispanic or Latino",74083,2236,3.01823630252555,"Livingston","Livingston County","New York"
"36051",2024,"B19013I_001","Hispanic or Latino",79427,42896,54.0068238760119,"Livingston","Livingston County","New York"
"36055",2024,"B19013B_001","Black or African American alone",42345,1916,4.52473727712835,"Monroe","Monroe County","New York"
"36055",2024,"B19013C_001","American Indian and Alaska Native alone",59231,22217,37.5090746399689,"Monroe","Monroe County","New York"
"36055",2024,"B19013D_001","Asian alone",72946,6763,9.27124174046555,"Monroe","Monroe County","New York"
"36055",2024,"B19013E_001","Native Hawaiian and Other Pacific Islander alone",NA,0,NA,"Monroe","Monroe County","New York"
"36055",2024,"B19013F_001","Some Other Race alone",44471,10946,24.613793258528,"Monroe","Monroe County","New York"
"36055",2024,"B19013G_001","Two or More Races",64564,3748,5.80509262127501,"Monroe","Monroe County","New York"
"36055",2024,"B19013H_001","White alone, not Hispanic or Latino",87410,1532,1.75265987873241,"Monroe","Monroe County","New York"
"36055",2024,"B19013I_001","Hispanic or Latino",49103,3231,6.58004602570108,"Monroe","Monroe County","New York"
"36069",2024,"B19013B_001","Black or African American alone",79363,13312,16.773559467258,"Ontario","Ontario County","New York"
"36069",2024,"B19013C_001","American Indian and Alaska Native alone",11397,539,4.729314731947,"Ontario","Ontario County","New York"
"36069",2024,"B19013D_001","Asian alone",106964,44233,41.3531655510265,"Ontario","Ontario County","New York"
"36069",2024,"B19013E_001","Native Hawaiian and Other Pacific Islander alone",NA,0,NA,"Ontario","Ontario County","New York"
"36069",2024,"B19013F_001","Some Other Race alone",85462,40748,47.679670496829,"Ontario","Ontario County","New York"
"36069",2024,"B19013G_001","Two or More Races",71746,14481,20.1837036211078,"Ontario","Ontario County","New York"
"36069",2024,"B19013H_001","White alone, not Hispanic or Latino",83237,3607,4.33340942129101,"Ontario","Ontario County","New York"
"36069",2024,"B19013I_001","Hispanic or Latino",68159,4233,6.21047844011796,"Ontario","Ontario County","New York"
"36073",2024,"B19013B_001","Black or African American alone",106618,49682,46.5981353992759,"Orleans","Orleans County","New York"
"36073",2024,"B19013C_001","American Indian and Alaska Native alone",55263,25597,46.3185132909904,"Orleans","Orleans County","New York"
"36073",2024,"B19013D_001","Asian alone",92778,86195,92.9045678932506,"Orleans","Orleans County","New York"
"36073",2024,"B19013E_001","Native Hawaiian and Other Pacific Islander alone",NA,0,NA,"Orleans","Orleans County","New York"
"36073",2024,"B19013F_001","Some Other Race alone",139375,75500,54.1704035874439,"Orleans","Orleans County","New York"
"36073",2024,"B19013G_001","Two or More Races",61875,25709,41.549898989899,"Orleans","Orleans County","New York"
"36073",2024,"B19013H_001","White alone, not Hispanic or Latino",65821,3012,4.57604715820179,"Orleans","Orleans County","New York"
"36073",2024,"B19013I_001","Hispanic or Latino",64327,45003,69.9597369689244,"Orleans","Orleans County","New York"
"36099",2024,"B19013B_001","Black or African American alone",NA,0,NA,"Seneca","Seneca County","New York"
"36099",2024,"B19013C_001","American Indian and Alaska Native alone",NA,0,NA,"Seneca","Seneca County","New York"
"36099",2024,"B19013D_001","Asian alone",153594,27906,18.1686784640025,"Seneca","Seneca County","New York"
"36099",2024,"B19013E_001","Native Hawaiian and Other Pacific Islander alone",NA,0,NA,"Seneca","Seneca County","New York"
"36099",2024,"B19013F_001","Some Other Race alone",37315,7989,21.4096207959266,"Seneca","Seneca County","New York"
"36099",2024,"B19013G_001","Two or More Races",75250,27115,36.0332225913621,"Seneca","Seneca County","New York"
"36099",2024,"B19013H_001","White alone, not Hispanic or Latino",68679,2407,3.50471031902037,"Seneca","Seneca County","New York"
"36099",2024,"B19013I_001","Hispanic or Latino",35602,34441,96.7389472501545,"Seneca","Seneca County","New York"
"36117",2024,"B19013B_001","Black or African American alone",55787,37618,67.4314804524352,"Wayne","Wayne County","New York"
"36117",2024,"B19013C_001","American Indian and Alaska Native alone",38750,2641,6.81548387096774,"Wayne","Wayne County","New York"
"36117",2024,"B19013D_001","Asian alone",121667,88124,72.4304864918178,"Wayne","Wayne County","New York"
"36117",2024,"B19013E_001","Native Hawaiian and Other Pacific Islander alone",NA,0,NA,"Wayne","Wayne County","New York"
"36117",2024,"B19013F_001","Some Other Race alone",27292,14167,51.9089843177488,"Wayne","Wayne County","New York"
"36117",2024,"B19013G_001","Two or More Races",63140,5118,8.10579664238201,"Wayne","Wayne County","New York"
"36117",2024,"B19013H_001","White alone, not Hispanic or Latino",75982,2632,3.46397831065252,"Wayne","Wayne County","New York"
"36117",2024,"B19013I_001","Hispanic or Latino",61081,5749,9.41209213994532,"Wayne","Wayne County","New York"
"36123",2024,"B19013B_001","Black or African American alone",NA,0,NA,"Yates","Yates County","New York"
"36123",2024,"B19013C_001","American Indian and Alaska Native alone",NA,0,NA,"Yates","Yates County","New York"
"36123",2024,"B19013D_001","Asian alone",NA,0,NA,"Yates","Yates County","New York"
"36123",2024,"B19013E_001","Native Hawaiian and Other Pacific Islander alone",NA,0,NA,"Yates","Yates County","New York"
"36123",2024,"B19013F_001","Some Other Race alone",28512,24371,85.476290684624,"Yates","Yates County","New York"
"36123",2024,"B19013G_001","Two or More Races",71563,28884,40.3616393946592,"Yates","Yates County","New York"
"36123",2024,"B19013H_001","White alone, not Hispanic or Latino",70013,3998,5.71036807450045,"Yates","Yates County","New York"
"36123",2024,"B19013I_001","Hispanic or Latino",52500,18846,35.8971428571429,"Yates","Yates County","New York"
