"Subsidiary","Month","Year","Ridership"
"Regional Transit Service","4","2006","1,066,870"
"Regional Transit Service","5","2006","1,217,939"
"Regional Transit Service","6","2006","1,183,756"
"Regional Transit Service","7","2006","933,542"
"Regional Transit Service","8","2006","1,018,668"
"Regional Transit Service","9","2006","1,227,358"
"Regional Transit Service","10","2006","1,307,201"
"Regional Transit Service","11","2006","1,252,595"
"Regional Transit Service","12","2006","1,178,240"
"Regional Transit Service","1","2007","1,312,857"
"Regional Transit Service","2","2007","1,024,364"
"Regional Transit Service","3","2007","1,327,453"
"Regional Transit Service","4","2007","1,175,758"
"Regional Transit Service","5","2007","1,419,323"
"Regional Transit Service","6","2007","1,243,035"
"Regional Transit Service","7","2007","1,183,558"
"Regional Transit Service","8","2007","1,197,149"
"Regional Transit Service","9","2007","1,215,283"
"Regional Transit Service","10","2007","1,390,065"
"Regional Transit Service","11","2007","1,247,593"
"Regional Transit Service","12","2007","1,135,866"
"Regional Transit Service","1","2008","1,337,090"
"Regional Transit Service","2","2008","1,205,912"
"Regional Transit Service","3","2008","1,312,712"
"Regional Transit Service","4","2008","1,291,456"
"Regional Transit Service","5","2008","1,385,221"
"Regional Transit Service","6","2008","1,383,113"
"Regional Transit Service","7","2008","1,244,695"
"Regional Transit Service","8","2008","1,139,531"
"Regional Transit Service","9","2008","1,552,479"
"Regional Transit Service","10","2008","1,635,706"
"Regional Transit Service","11","2008","1,368,276"
"Regional Transit Service","12","2008","1,356,130"
"Regional Transit Service","1","2009","1,477,870"
"Regional Transit Service","2","2009","1,348,092"
"Regional Transit Service","3","2009","1,554,685"
"Regional Transit Service","4","2009","1,377,039"
"Regional Transit Service","5","2009","1,483,123"
"Regional Transit Service","6","2009","1,434,123"
"Regional Transit Service","7","2009","1,221,534"
"Regional Transit Service","8","2009","1,115,882"
"Regional Transit Service","9","2009","1,534,762"
"Regional Transit Service","10","2009","1,579,328"
"Regional Transit Service","11","2009","1,387,184"
"Regional Transit Service","12","2009","1,330,451"
"Regional Transit Service","1","2010","1,437,704"
"Regional Transit Service","2","2010","1,286,915"
"Regional Transit Service","3","2010","1,637,746"
"Regional Transit Service","4","2010","1,384,187"
"Regional Transit Service","5","2010","1,445,533"
"Regional Transit Service","6","2010","1,397,040"
"Regional Transit Service","7","2010","1,251,525"
"Regional Transit Service","8","2010","1,206,662"
"Regional Transit Service","9","2010","1,508,099"
"Regional Transit Service","10","2010","1,535,758"
"Regional Transit Service","11","2010","1,424,892"
"Regional Transit Service","12","2010","1,322,725"
"Regional Transit Service","1","2011","1,464,574"
"Regional Transit Service","2","2011","1,295,788"
"Regional Transit Service","3","2011","1,663,343"
"Regional Transit Service","4","2011","1,406,128"
"Regional Transit Service","5","2011","1,548,508"
"Regional Transit Service","6","2011","1,454,877"
"Regional Transit Service","7","2011","1,233,466"
"Regional Transit Service","8","2011","1,285,596"
"Regional Transit Service","9","2011","1,577,705"
"Regional Transit Service","10","2011","1,581,780"
"Regional Transit Service","11","2011","1,476,987"
"Regional Transit Service","12","2011","1,399,985"
"Regional Transit Service","1","2012","1,549,775"
"Regional Transit Service","2","2012","1,440,456"
"Regional Transit Service","3","2012","1,614,907"
"Regional Transit Service","4","2012","1,367,215"
"Regional Transit Service","5","2012","1,559,536"
"Regional Transit Service","6","2012","1,407,904"
"Regional Transit Service","7","2012","1,252,287"
"Regional Transit Service","8","2012","1,303,808"
"Regional Transit Service","9","2012","1,483,475"
"Regional Transit Service","10","2012","1,642,908"
"Regional Transit Service","11","2012","1,473,780"
"Regional Transit Service","12","2012","1,359,309"
"Regional Transit Service","1","2013","1,525,251"
"Regional Transit Service","2","2013","1,352,064"
"Regional Transit Service","3","2013","1,529,562"
"Lift Line ","4","2006","14,268"
"Lift Line ","5","2006","15,017"
"Lift Line ","6","2006","14,994"
"Lift Line ","7","2006","13,494"
"Lift Line ","8","2006","15,005"
"Lift Line ","9","2006","14,374"
"Lift Line ","10","2006","15,826"
"Lift Line ","11","2006","15,049"
"Lift Line ","12","2006","14,907"
"Lift Line ","1","2007","15,642"
"Lift Line ","2","2007","13,440"
"Lift Line ","3","2007","16,179"
"Lift Line ","4","2007","14,247"
"Lift Line ","5","2007","15,642"
"Lift Line ","6","2007","14,533"
"Lift Line ","7","2007","14,212"
"Lift Line ","8","2007","14,674"
"Lift Line ","9","2007","13,840"
"Lift Line ","10","2007","15,923"
"Lift Line ","11","2007","15,042"
"Lift Line ","12","2007","14,338"
"Lift Line ","1","2008","15,838"
"Lift Line ","2","2008","15,007"
"Lift Line ","3","2008","15,984"
"Lift Line ","4","2008","15,370"
"Lift Line ","5","2008","15,141"
"Lift Line ","6","2008","14,880"
"Lift Line ","7","2008","15,226"
"Lift Line ","8","2008","14,516"
"Lift Line ","9","2008","14,933"
"Lift Line ","10","2008","15,774"
"Lift Line ","11","2008","14,829"
"Lift Line ","12","2008","14,808"
"Lift Line ","1","2009","14,852"
"Lift Line ","2","2009","14,688"
"Lift Line ","3","2009","16,686"
"Lift Line ","4","2009","15,248"
"Lift Line ","5","2009","14,968"
"Lift Line ","6","2009","15,530"
"Lift Line ","7","2009","15,196"
"Lift Line ","8","2009","14,460"
"Lift Line ","9","2009","14,952"
"Lift Line ","10","2009","15,042"
"Lift Line ","11","2009","14,019"
"Lift Line ","12","2009","15,012"
"Lift Line ","1","2010","14,647"
"Lift Line ","2","2010","14,121"
"Lift Line ","3","2010","16,475"
"Lift Line ","4","2010","14,305"
"Lift Line ","5","2010","13,770"
"Lift Line ","6","2010","14,197"
"Lift Line ","7","2010","13,824"
"Lift Line ","8","2010","13,873"
"Lift Line ","9","2010","13,984"
"Lift Line ","10","2010","14,257"
"Lift Line ","11","2010","13,984"
"Lift Line ","12","2010","14,195"
"Lift Line ","1","2011","14,088"
"Lift Line ","2","2011","12,643"
"Lift Line ","3","2011","15,116"
"Lift Line ","4","2011","13,827"
"Lift Line ","5","2011","13,658"
"Lift Line ","6","2011","14,103"
"Lift Line ","7","2011","13,206"
"Lift Line ","8","2011","13,577"
"Lift Line ","9","2011","13,861"
"Lift Line ","10","2011","13,811"
"Lift Line ","11","2011","13,776"
"Lift Line ","12","2011","14,097"
"Lift Line ","1","2012","13,933"
"Lift Line ","2","2012","14,426"
"Lift Line ","3","2012","15,564"
"Lift Line ","4","2012","13,807"
"Lift Line ","5","2012","14,294"
"Lift Line ","6","2012","13,839"
"Lift Line ","7","2012","13,194"
"Lift Line ","8","2012","13,890"
"Lift Line ","9","2012","12,780"
"Lift Line ","10","2012","14,429"
"Lift Line ","11","2012","14,486"
"Lift Line ","12","2012","13,689"
"Lift Line ","1","2013","15,046"
"Lift Line ","2","2013","14,212"
"Lift Line ","3","2013","15,688"
"Batavia Bus Service","4","2006","6,314"
"Batavia Bus Service","5","2006","6,719"
"Batavia Bus Service","6","2006","5,142"
"Batavia Bus Service","7","2006","3,806"
"Batavia Bus Service","8","2006","5,008"
"Batavia Bus Service","9","2006","7,034"
"Batavia Bus Service","10","2006","7,381"
"Batavia Bus Service","11","2006","6,846"
"Batavia Bus Service","12","2006","6,122"
"Batavia Bus Service","1","2007","7,019"
"Batavia Bus Service","2","2007","6,477"
"Batavia Bus Service","3","2007","7,573"
"Batavia Bus Service","4","2007","6,653"
"Batavia Bus Service","5","2007","6,807"
"Batavia Bus Service","6","2007","5,244"
"Batavia Bus Service","7","2007","4,469"
"Batavia Bus Service","8","2007","5,272"
"Batavia Bus Service","9","2007","6,377"
"Batavia Bus Service","10","2007","7,504"
"Batavia Bus Service","11","2007","6,676"
"Batavia Bus Service","12","2007","5,867"
"Batavia Bus Service","1","2008","6,323"
"Batavia Bus Service","2","2008","6,959"
"Batavia Bus Service","3","2008","6,824"
"Batavia Bus Service","4","2008","5,616"
"Batavia Bus Service","5","2008","5,141"
"Batavia Bus Service","6","2008","4,001"
"Batavia Bus Service","7","2008","3,842"
"Batavia Bus Service","8","2008","3,820"
"Batavia Bus Service","9","2008","5,837"
"Batavia Bus Service","10","2008","6,242"
"Batavia Bus Service","11","2008","5,081"
"Batavia Bus Service","12","2008","5,166"
"Batavia Bus Service","1","2009","5,297"
"Batavia Bus Service","2","2009","5,573"
"Batavia Bus Service","3","2009","5,820"
"Batavia Bus Service","4","2009","5,812"
"Batavia Bus Service","5","2009","5,146"
"Batavia Bus Service","6","2009","4,348"
"Batavia Bus Service","7","2009","3,986"
"Batavia Bus Service","8","2009","4,109"
"Batavia Bus Service","9","2009","5,765"
"Batavia Bus Service","10","2009","6,201"
"Batavia Bus Service","11","2009","5,454"
"Batavia Bus Service","12","2009","5,435"
"Batavia Bus Service","1","2010","4,913"
"Batavia Bus Service","2","2010","5,696"
"Batavia Bus Service","3","2010","6,262"
"Batavia Bus Service","4","2010","5,957"
"Batavia Bus Service","5","2010","5,186"
"Batavia Bus Service","6","2010","4,400"
"Batavia Bus Service","7","2010","3,889"
"Batavia Bus Service","8","2010","4,300"
"Batavia Bus Service","9","2010","5,467"
"Batavia Bus Service","10","2010","5,508"
"Batavia Bus Service","11","2010","5,384"
"Batavia Bus Service","12","2010","5,215"
"Batavia Bus Service","1","2011","5,528"
"Batavia Bus Service","2","2011","5,677"
"Batavia Bus Service","3","2011","6,737"
"Batavia Bus Service","4","2011","5,632"
"Batavia Bus Service","5","2011","5,345"
"Batavia Bus Service","6","2011","4,493"
"Batavia Bus Service","7","2011","3,999"
"Batavia Bus Service","8","2011","4,914"
"Batavia Bus Service","9","2011","6,209"
"Batavia Bus Service","10","2011","5,965"
"Batavia Bus Service","11","2011","5,908"
"Batavia Bus Service","12","2011","5,209"
"Batavia Bus Service","1","2012","5,703"
"Batavia Bus Service","2","2012","6,392"
"Batavia Bus Service","3","2012","6,108"
"Batavia Bus Service","4","2012","5,822"
"Batavia Bus Service","5","2012","5,086"
"Batavia Bus Service","6","2012","3,473"
"Batavia Bus Service","7","2012","3,060"
"Batavia Bus Service","8","2012","4,133"
"Batavia Bus Service","9","2012","5,429"
"Batavia Bus Service","10","2012","6,457"
"Batavia Bus Service","11","2012","5,844"
"Batavia Bus Service","12","2012","4,398"
"Batavia Bus Service","1","2013","5,183"
"Batavia Bus Service","2","2013","5,648"
"Batavia Bus Service","3","2013","5,420"
"Livingston Area Transportation Service","4","2006","23,293"
"Livingston Area Transportation Service","5","2006","16,319"
"Livingston Area Transportation Service","6","2006","11,486"
"Livingston Area Transportation Service","7","2006","10,928"
"Livingston Area Transportation Service","8","2006","13,506"
"Livingston Area Transportation Service","9","2006","23,971"
"Livingston Area Transportation Service","10","2006","23,572"
"Livingston Area Transportation Service","11","2006","21,844"
"Livingston Area Transportation Service","12","2006","20,707"
"Livingston Area Transportation Service","1","2007","21,429"
"Livingston Area Transportation Service","2","2007","26,198"
"Livingston Area Transportation Service","3","2007","22,658"
"Livingston Area Transportation Service","4","2007","26,812"
"Livingston Area Transportation Service","5","2007","15,749"
"Livingston Area Transportation Service","6","2007","10,171"
"Livingston Area Transportation Service","7","2007","10,556"
"Livingston Area Transportation Service","8","2007","15,624"
"Livingston Area Transportation Service","9","2007","26,231"
"Livingston Area Transportation Service","10","2007","27,973"
"Livingston Area Transportation Service","11","2007","26,033"
"Livingston Area Transportation Service","12","2007","18,789"
"Livingston Area Transportation Service","1","2008","20,275"
"Livingston Area Transportation Service","2","2008","31,079"
"Livingston Area Transportation Service","3","2008","22,648"
"Livingston Area Transportation Service","4","2008","32,638"
"Livingston Area Transportation Service","5","2008","20,730"
"Livingston Area Transportation Service","6","2008","10,188"
"Livingston Area Transportation Service","7","2008","11,356"
"Livingston Area Transportation Service","8","2008","16,830"
"Livingston Area Transportation Service","9","2008","31,057"
"Livingston Area Transportation Service","10","2008","30,536"
"Livingston Area Transportation Service","11","2008","27,777"
"Livingston Area Transportation Service","12","2008","19,987"
"Livingston Area Transportation Service","1","2009","26,116"
"Livingston Area Transportation Service","2","2009","33,792"
"Livingston Area Transportation Service","3","2009","22,863"
"Livingston Area Transportation Service","4","2009","30,260"
"Livingston Area Transportation Service","5","2009","23,072"
"Livingston Area Transportation Service","6","2009","10,988"
"Livingston Area Transportation Service","7","2009","11,877"
"Livingston Area Transportation Service","8","2009","12,835"
"Livingston Area Transportation Service","9","2009","30,600"
"Livingston Area Transportation Service","10","2009","30,776"
"Livingston Area Transportation Service","11","2009","25,237"
"Livingston Area Transportation Service","12","2009","24,097"
"Livingston Area Transportation Service","1","2010","19,006"
"Livingston Area Transportation Service","2","2010","28,058"
"Livingston Area Transportation Service","3","2010","22,854"
"Livingston Area Transportation Service","4","2010","28,114"
"Livingston Area Transportation Service","5","2010","17,571"
"Livingston Area Transportation Service","6","2010","10,542"
"Livingston Area Transportation Service","7","2010","10,739"
"Livingston Area Transportation Service","8","2010","13,119"
"Livingston Area Transportation Service","9","2010","25,571"
"Livingston Area Transportation Service","10","2010","25,945"
"Livingston Area Transportation Service","11","2010","21,728"
"Livingston Area Transportation Service","12","2010","22,274"
"Livingston Area Transportation Service","1","2011","19,430"
"Livingston Area Transportation Service","2","2011","26,561"
"Livingston Area Transportation Service","3","2011","23,840"
"Livingston Area Transportation Service","4","2011","28,489"
"Livingston Area Transportation Service","5","2011","17,016"
"Livingston Area Transportation Service","6","2011","11,138"
"Livingston Area Transportation Service","7","2011","10,527"
"Livingston Area Transportation Service","8","2011","14,190"
"Livingston Area Transportation Service","9","2011","26,075"
"Livingston Area Transportation Service","10","2011","24,844"
"Livingston Area Transportation Service","11","2011","23,572"
"Livingston Area Transportation Service","12","2011","21,196"
"Livingston Area Transportation Service","1","2012","19,700"
"Livingston Area Transportation Service","2","2012","26,695"
"Livingston Area Transportation Service","3","2012","22,520"
"Livingston Area Transportation Service","4","2012","25,392"
"Livingston Area Transportation Service","5","2012","16,562"
"Livingston Area Transportation Service","6","2012","10,483"
"Livingston Area Transportation Service","7","2012","10,908"
"Livingston Area Transportation Service","8","2012","14,774"
"Livingston Area Transportation Service","9","2012","25,350"
"Livingston Area Transportation Service","10","2012","25,393"
"Livingston Area Transportation Service","11","2012","23,761"
"Livingston Area Transportation Service","12","2012","17,440"
"Livingston Area Transportation Service","1","2013","17,497"
"Livingston Area Transportation Service","2","2013","25,227"
"Livingston Area Transportation Service","3","2013","18,445"
"Orleans Transit Service","4","2006","2,054"
"Orleans Transit Service","5","2006","36,780"
"Orleans Transit Service","6","2006","2,055"
"Orleans Transit Service","7","2006","1,854"
"Orleans Transit Service","8","2006","2,396"
"Orleans Transit Service","9","2006","5,669"
"Orleans Transit Service","10","2006","5,713"
"Orleans Transit Service","11","2006","5,369"
"Orleans Transit Service","12","2006","4,471"
"Orleans Transit Service","1","2007","4,177"
"Orleans Transit Service","2","2007","6,695"
"Orleans Transit Service","3","2007","6,401"
"Orleans Transit Service","4","2007","6,642"
"Orleans Transit Service","5","2007","31,263"
"Orleans Transit Service","6","2007","2,741"
"Orleans Transit Service","7","2007","2,366"
"Orleans Transit Service","8","2007","3,373"
"Orleans Transit Service","9","2007","6,124"
"Orleans Transit Service","10","2007","6,663"
"Orleans Transit Service","11","2007","6,100"
"Orleans Transit Service","12","2007","4,461"
"Orleans Transit Service","1","2008","3,387"
"Orleans Transit Service","2","2008","8,063"
"Orleans Transit Service","3","2008","6,225"
"Orleans Transit Service","4","2008","7,117"
"Orleans Transit Service","5","2008","4,368"
"Orleans Transit Service","6","2008","2,242"
"Orleans Transit Service","7","2008","2,233"
"Orleans Transit Service","8","2008","3,564"
"Orleans Transit Service","9","2008","7,652"
"Orleans Transit Service","10","2008","7,081"
"Orleans Transit Service","11","2008","5,375"
"Orleans Transit Service","12","2008","3,938"
"Orleans Transit Service","1","2009","3,585"
"Orleans Transit Service","2","2009","6,702"
"Orleans Transit Service","3","2009","5,557"
"Orleans Transit Service","4","2009","6,759"
"Orleans Transit Service","5","2009","5,110"
"Orleans Transit Service","6","2009","2,163"
"Orleans Transit Service","7","2009","2,405"
"Orleans Transit Service","8","2009","3,226"
"Orleans Transit Service","9","2009","8,074"
"Orleans Transit Service","10","2009","8,287"
"Orleans Transit Service","11","2009","7,234"
"Orleans Transit Service","12","2009","6,343"
"Orleans Transit Service","1","2010","3,892"
"Orleans Transit Service","2","2010","7,346"
"Orleans Transit Service","3","2010","7,267"
"Orleans Transit Service","4","2010","8,837"
"Orleans Transit Service","5","2010","5,038"
"Orleans Transit Service","6","2010","2,500"
"Orleans Transit Service","7","2010","2,632"
"Orleans Transit Service","8","2010","3,261"
"Orleans Transit Service","9","2010","9,526"
"Orleans Transit Service","10","2010","8,137"
"Orleans Transit Service","11","2010","7,557"
"Orleans Transit Service","12","2010","6,542"
"Orleans Transit Service","1","2011","5,093"
"Orleans Transit Service","2","2011","9,279"
"Orleans Transit Service","3","2011","8,060"
"Orleans Transit Service","4","2011","9,803"
"Orleans Transit Service","5","2011","6,276"
"Orleans Transit Service","6","2011","3,102"
"Orleans Transit Service","7","2011","2,745"
"Orleans Transit Service","8","2011","3,230"
"Orleans Transit Service","9","2011","2,972"
"Orleans Transit Service","10","2011","3,040"
"Orleans Transit Service","11","2011","2,879"
"Orleans Transit Service","12","2011","2,779"
"Orleans Transit Service","1","2012","2,824"
"Orleans Transit Service","2","2012","2,931"
"Orleans Transit Service","3","2012","3,124"
"Orleans Transit Service","4","2012","2,784"
"Orleans Transit Service","5","2012","2,799"
"Orleans Transit Service","6","2012","2,754"
"Orleans Transit Service","7","2012","2,909"
"Orleans Transit Service","8","2012","3,116"
"Orleans Transit Service","9","2012","2,588"
"Orleans Transit Service","10","2012","3,130"
"Orleans Transit Service","11","2012","2,961"
"Orleans Transit Service","12","2012","2,871"
"Orleans Transit Service","1","2013","3,100"
"Orleans Transit Service","2","2013","2,978"
"Orleans Transit Service","3","2013","3,289"
"Seneca Transit Service","4","2006","3,159"
"Seneca Transit Service","5","2006","3,271"
"Seneca Transit Service","6","2006","3,283"
"Seneca Transit Service","7","2006","2,839"
"Seneca Transit Service","8","2006","3,172"
"Seneca Transit Service","9","2006","2,827"
"Seneca Transit Service","10","2006","3,110"
"Seneca Transit Service","11","2006","3,175"
"Seneca Transit Service","12","2006","2,824"
"Seneca Transit Service","1","2007","2,947"
"Seneca Transit Service","2","2007","2,602"
"Seneca Transit Service","3","2007","3,317"
"Seneca Transit Service","4","2007","3,316"
"Seneca Transit Service","5","2007","3,534"
"Seneca Transit Service","6","2007","3,475"
"Seneca Transit Service","7","2007","3,545"
"Seneca Transit Service","8","2007","3,716"
"Seneca Transit Service","9","2007","3,133"
"Seneca Transit Service","10","2007","3,770"
"Seneca Transit Service","11","2007","3,586"
"Seneca Transit Service","12","2007","3,419"
"Seneca Transit Service","1","2008","4,919"
"Seneca Transit Service","2","2008","4,866"
"Seneca Transit Service","3","2008","5,062"
"Seneca Transit Service","4","2008","5,343"
"Seneca Transit Service","5","2008","4,861"
"Seneca Transit Service","6","2008","5,461"
"Seneca Transit Service","7","2008","5,983"
"Seneca Transit Service","8","2008","5,944"
"Seneca Transit Service","9","2008","5,366"
"Seneca Transit Service","10","2008","6,693"
"Seneca Transit Service","11","2008","4,442"
"Seneca Transit Service","12","2008","5,105"
"Seneca Transit Service","1","2009","4,717"
"Seneca Transit Service","2","2009","5,193"
"Seneca Transit Service","3","2009","5,332"
"Seneca Transit Service","4","2009","5,322"
"Seneca Transit Service","5","2009","4,910"
"Seneca Transit Service","6","2009","5,819"
"Seneca Transit Service","7","2009","6,673"
"Seneca Transit Service","8","2009","7,117"
"Seneca Transit Service","9","2009","7,002"
"Seneca Transit Service","10","2009","7,875"
"Seneca Transit Service","11","2009","5,711"
"Seneca Transit Service","12","2009","6,150"
"Seneca Transit Service","1","2010","5,680"
"Seneca Transit Service","2","2010","5,335"
"Seneca Transit Service","3","2010","7,270"
"Seneca Transit Service","4","2010","5,322"
"Seneca Transit Service","5","2010","4,910"
"Seneca Transit Service","6","2010","5,819"
"Seneca Transit Service","7","2010","6,673"
"Seneca Transit Service","8","2010","7,117"
"Seneca Transit Service","9","2010","7,002"
"Seneca Transit Service","10","2010","7,875"
"Seneca Transit Service","11","2010","5,711"
"Seneca Transit Service","12","2010","6,150"
"Seneca Transit Service","1","2011","5,680"
"Seneca Transit Service","2","2011","5,335"
"Seneca Transit Service","3","2011","7,270"
"Seneca Transit Service","4","2011","7,063"
"Seneca Transit Service","5","2011","7,175"
"Seneca Transit Service","6","2011","7,879"
"Seneca Transit Service","7","2011","7,182"
"Seneca Transit Service","8","2011","8,589"
"Seneca Transit Service","9","2011","7,759"
"Seneca Transit Service","10","2011","8,373"
"Seneca Transit Service","11","2011","7,694"
"Seneca Transit Service","12","2011","6,955"
"Seneca Transit Service","1","2012","6,564"
"Seneca Transit Service","2","2012","5,168"
"Seneca Transit Service","3","2012","7,538"
"Seneca Transit Service","4","2012","8,192"
"Seneca Transit Service","5","2012","8,228"
"Seneca Transit Service","6","2012","6,516"
"Seneca Transit Service","7","2012","6,505"
"Seneca Transit Service","8","2012","7,756"
"Seneca Transit Service","9","2012","6,234"
"Seneca Transit Service","10","2012","7,369"
"Seneca Transit Service","11","2012","7,218"
"Seneca Transit Service","12","2012","6,565"
"Seneca Transit Service","1","2013","7,346"
"Seneca Transit Service","2","2013","6,675"
"Seneca Transit Service","3","2013","7,272"
"Wayne Area Transportation Service","4","2006","9,970"
"Wayne Area Transportation Service","5","2006","11,676"
"Wayne Area Transportation Service","6","2006","10,941"
"Wayne Area Transportation Service","7","2006","9,970"
"Wayne Area Transportation Service","8","2006","14,219"
"Wayne Area Transportation Service","9","2006","13,888"
"Wayne Area Transportation Service","10","2006","15,541"
"Wayne Area Transportation Service","11","2006","10,471"
"Wayne Area Transportation Service","12","2006","10,053"
"Wayne Area Transportation Service","1","2007","10,680"
"Wayne Area Transportation Service","2","2007","9,047"
"Wayne Area Transportation Service","3","2007","10,888"
"Wayne Area Transportation Service","4","2007","10,668"
"Wayne Area Transportation Service","5","2007","13,965"
"Wayne Area Transportation Service","6","2007","11,557"
"Wayne Area Transportation Service","7","2007","12,364"
"Wayne Area Transportation Service","8","2007","16,121"
"Wayne Area Transportation Service","9","2007","15,073"
"Wayne Area Transportation Service","10","2007","16,373"
"Wayne Area Transportation Service","11","2007","11,087"
"Wayne Area Transportation Service","12","2007","10,101"
"Wayne Area Transportation Service","1","2008","11,442"
"Wayne Area Transportation Service","2","2008","10,805"
"Wayne Area Transportation Service","3","2008","11,535"
"Wayne Area Transportation Service","4","2008","12,705"
"Wayne Area Transportation Service","5","2008","12,608"
"Wayne Area Transportation Service","6","2008","11,883"
"Wayne Area Transportation Service","7","2008","13,325"
"Wayne Area Transportation Service","8","2008","13,754"
"Wayne Area Transportation Service","9","2008","18,642"
"Wayne Area Transportation Service","10","2008","19,364"
"Wayne Area Transportation Service","11","2008","10,512"
"Wayne Area Transportation Service","12","2008","11,955"
"Wayne Area Transportation Service","1","2009","10,381"
"Wayne Area Transportation Service","2","2009","10,227"
"Wayne Area Transportation Service","3","2009","11,668"
"Wayne Area Transportation Service","4","2009","11,542"
"Wayne Area Transportation Service","5","2009","11,312"
"Wayne Area Transportation Service","6","2009","11,538"
"Wayne Area Transportation Service","7","2009","12,094"
"Wayne Area Transportation Service","8","2009","12,677"
"Wayne Area Transportation Service","9","2009","19,512"
"Wayne Area Transportation Service","10","2009","19,457"
"Wayne Area Transportation Service","11","2009","10,135"
"Wayne Area Transportation Service","12","2009","11,146"
"Wayne Area Transportation Service","1","2010","10,088"
"Wayne Area Transportation Service","2","2010","10,163"
"Wayne Area Transportation Service","3","2010","12,286"
"Wayne Area Transportation Service","4","2010","11,622"
"Wayne Area Transportation Service","5","2010","10,953"
"Wayne Area Transportation Service","6","2010","11,222"
"Wayne Area Transportation Service","7","2010","11,318"
"Wayne Area Transportation Service","8","2010","13,714"
"Wayne Area Transportation Service","9","2010","16,795"
"Wayne Area Transportation Service","10","2010","15,004"
"Wayne Area Transportation Service","11","2010","10,873"
"Wayne Area Transportation Service","12","2010","10,729"
"Wayne Area Transportation Service","1","2011","10,850"
"Wayne Area Transportation Service","2","2011","10,355"
"Wayne Area Transportation Service","3","2011","12,006"
"Wayne Area Transportation Service","4","2011","11,257"
"Wayne Area Transportation Service","5","2011","11,926"
"Wayne Area Transportation Service","6","2011","12,509"
"Wayne Area Transportation Service","7","2011","11,718"
"Wayne Area Transportation Service","8","2011","13,384"
"Wayne Area Transportation Service","9","2011","19,488"
"Wayne Area Transportation Service","10","2011","19,169"
"Wayne Area Transportation Service","11","2011","12,015"
"Wayne Area Transportation Service","12","2011","11,418"
"Wayne Area Transportation Service","1","2012","11,777"
"Wayne Area Transportation Service","2","2012","12,146"
"Wayne Area Transportation Service","3","2012","12,917"
"Wayne Area Transportation Service","4","2012","12,062"
"Wayne Area Transportation Service","5","2012","12,946"
"Wayne Area Transportation Service","6","2012","11,402"
"Wayne Area Transportation Service","7","2012","13,329"
"Wayne Area Transportation Service","8","2012","15,417"
"Wayne Area Transportation Service","9","2012","17,674"
"Wayne Area Transportation Service","10","2012","17,242"
"Wayne Area Transportation Service","11","2012","11,171"
"Wayne Area Transportation Service","12","2012","10,393"
"Wayne Area Transportation Service","1","2013","12,030"
"Wayne Area Transportation Service","2","2013","11,790"
"Wayne Area Transportation Service","3","2013","16,713"
"Wyoming Transportation Service","4","2006","6,785"
"Wyoming Transportation Service","5","2006","8,024"
"Wyoming Transportation Service","6","2006","7,944"
"Wyoming Transportation Service","7","2006","8,558"
"Wyoming Transportation Service","8","2006","8,892"
"Wyoming Transportation Service","9","2006","7,028"
"Wyoming Transportation Service","10","2006","23,198"
"Wyoming Transportation Service","11","2006","7,221"
"Wyoming Transportation Service","12","2006","6,517"
"Wyoming Transportation Service","1","2007","7,155"
"Wyoming Transportation Service","2","2007","6,728"
"Wyoming Transportation Service","3","2007","8,600"
"Wyoming Transportation Service","4","2007","7,465"
"Wyoming Transportation Service","5","2007","8,265"
"Wyoming Transportation Service","6","2007","7,688"
"Wyoming Transportation Service","7","2007","9,701"
"Wyoming Transportation Service","8","2007","9,225"
"Wyoming Transportation Service","9","2007","6,227"
"Wyoming Transportation Service","10","2007","16,041"
"Wyoming Transportation Service","11","2007","7,230"
"Wyoming Transportation Service","12","2007","7,029"
"Wyoming Transportation Service","1","2008","7,847"
"Wyoming Transportation Service","2","2008","8,414"
"Wyoming Transportation Service","3","2008","8,574"
"Wyoming Transportation Service","4","2008","8,640"
"Wyoming Transportation Service","5","2008","8,351"
"Wyoming Transportation Service","6","2008","8,716"
"Wyoming Transportation Service","7","2008","12,945"
"Wyoming Transportation Service","8","2008","10,461"
"Wyoming Transportation Service","9","2008","8,143"
"Wyoming Transportation Service","10","2008","17,505"
"Wyoming Transportation Service","11","2008","5,404"
"Wyoming Transportation Service","12","2008","6,206"
"Wyoming Transportation Service","1","2009","6,465"
"Wyoming Transportation Service","2","2009","6,253"
"Wyoming Transportation Service","3","2009","6,996"
"Wyoming Transportation Service","4","2009","6,839"
"Wyoming Transportation Service","5","2009","6,518"
"Wyoming Transportation Service","6","2009","6,608"
"Wyoming Transportation Service","7","2009","8,808"
"Wyoming Transportation Service","8","2009","7,262"
"Wyoming Transportation Service","9","2009","6,308"
"Wyoming Transportation Service","10","2009","10,565"
"Wyoming Transportation Service","11","2009","5,962"
"Wyoming Transportation Service","12","2009","6,461"
"Wyoming Transportation Service","1","2010","6,375"
"Wyoming Transportation Service","2","2010","6,586"
"Wyoming Transportation Service","3","2010","8,051"
"Wyoming Transportation Service","4","2010","7,333"
"Wyoming Transportation Service","5","2010","6,965"
"Wyoming Transportation Service","6","2010","7,004"
"Wyoming Transportation Service","7","2010","8,545"
"Wyoming Transportation Service","8","2010","7,226"
"Wyoming Transportation Service","9","2010","6,582"
"Wyoming Transportation Service","10","2010","14,361"
"Wyoming Transportation Service","11","2010","6,645"
"Wyoming Transportation Service","12","2010","6,893"
"Wyoming Transportation Service","1","2011","7,133"
"Wyoming Transportation Service","2","2011","7,115"
"Wyoming Transportation Service","3","2011","7,449"
"Wyoming Transportation Service","4","2011","6,996"
"Wyoming Transportation Service","5","2011","7,150"
"Wyoming Transportation Service","6","2011","8,486"
"Wyoming Transportation Service","7","2011","7,747"
"Wyoming Transportation Service","8","2011","7,840"
"Wyoming Transportation Service","9","2011","6,967"
"Wyoming Transportation Service","10","2011","12,722"
"Wyoming Transportation Service","11","2011","6,683"
"Wyoming Transportation Service","12","2011","6,666"
"Wyoming Transportation Service","1","2012","6,770"
"Wyoming Transportation Service","2","2012","7,099"
"Wyoming Transportation Service","3","2012","7,230"
"Wyoming Transportation Service","4","2012","6,503"
"Wyoming Transportation Service","5","2012","7,200"
"Wyoming Transportation Service","6","2012","8,673"
"Wyoming Transportation Service","7","2012","7,739"
"Wyoming Transportation Service","8","2012","7,292"
"Wyoming Transportation Service","9","2012","5,992"
"Wyoming Transportation Service","10","2012","7,481"
"Wyoming Transportation Service","11","2012","6,456"
"Wyoming Transportation Service","12","2012","5,521"
"Wyoming Transportation Service","1","2013","6,618"
"Wyoming Transportation Service","2","2013","6,141"
"Wyoming Transportation Service","3","2013","6,311"
"Regional Transit Service","4","2013","1,450,067"
"Regional Transit Service","5","2013","1,536,144"
"Regional Transit Service","6","2013","1,332,090"
"Regional Transit Service","7","2013","1,309,577"
"Regional Transit Service","8","2013","1,496,568"
"Regional Transit Service","9","2013","1,531,107"
"Regional Transit Service","10","2013","1,689,258"
"Regional Transit Service","11","2013","1,448,802"
"Regional Transit Service","12","2013","1,403,377"
"Regional Transit Service","1","2014","1,432,936"
"Regional Transit Service","2","2014","1,373,626"
"Regional Transit Service","3","2014","1,507,361"
"Lift Line","4","2013","14,575"
"Lift Line","5","2013","15,102"
"Lift Line","6","2013","13,807"
"Lift Line","7","2013","14,317"
"Lift Line","8","2013","14,950"
"Lift Line","9","2013","14,502"
"Lift Line","10","2013","16,302"
"Lift Line","11","2013","14,890"
"Lift Line","12","2013","14,962"
"Lift Line","1","2014","14,927"
"Lift Line","2","2014","14,643"
"Lift Line","3","2014","15,919"
"Batavia Bus Service","4","2013","6,385"
"Batavia Bus Service","5","2013","4,906"
"Batavia Bus Service","6","2013","3,274"
"Batavia Bus Service","7","2013","3,417"
"Batavia Bus Service","8","2013","3,594"
"Batavia Bus Service","9","2013","5,143"
"Batavia Bus Service","10","2013","6,120"
"Batavia Bus Service","11","2013","5,265"
"Batavia Bus Service","12","2013","4,861"
"Batavia Bus Service","1","2014","5,012"
"Batavia Bus Service","2","2014","5,484"
"Batavia Bus Service","3","2014","5,371"
"Livingston Area Transportation Service","4","2013","22,191"
"Livingston Area Transportation Service","5","2013","15,528"
"Livingston Area Transportation Service","6","2013","5,999"
"Livingston Area Transportation Service","7","2013","6,023"
"Livingston Area Transportation Service","8","2013","10,772"
"Livingston Area Transportation Service","9","2013","22,366"
"Livingston Area Transportation Service","10","2013","20,868"
"Livingston Area Transportation Service","11","2013","21,358"
"Livingston Area Transportation Service","12","2013","14,908"
"Livingston Area Transportation Service","1","2014","15,473"
"Livingston Area Transportation Service","2","2014","26,846"
"Livingston Area Transportation Service","3","2014","19,956"
"Orleans Transit Service","4","2013","3,230"
"Orleans Transit Service","5","2013","3,230"
"Orleans Transit Service","6","2013","2,869"
"Orleans Transit Service","7","2013","3,308"
"Orleans Transit Service","8","2013","3,227"
"Orleans Transit Service","9","2013","3,071"
"Orleans Transit Service","10","2013","3,746"
"Orleans Transit Service","11","2013","3,305"
"Orleans Transit Service","12","2013","3,221"
"Orleans Transit Service","1","2014","3,440"
"Orleans Transit Service","2","2014","3,150"
"Orleans Transit Service","3","2014","3,167"
"Seneca Transit Service","4","2013","7,443"
"Seneca Transit Service","5","2013","7,459"
"Seneca Transit Service","6","2013","6,969"
"Seneca Transit Service","7","2013","7,768"
"Seneca Transit Service","8","2013","7,979"
"Seneca Transit Service","9","2013","7,468"
"Seneca Transit Service","10","2013","8,129"
"Seneca Transit Service","11","2013","6,946"
"Seneca Transit Service","12","2013","7,208"
"Seneca Transit Service","1","2014","7,594"
"Seneca Transit Service","2","2014","7,505"
"Seneca Transit Service","3","2014","7,285"
"Wayne Area Transit Service","4","2013","18,267"
"Wayne Area Transit Service","5","2013","19,382"
"Wayne Area Transit Service","6","2013","16,808"
"Wayne Area Transit Service","7","2013","18,766"
"Wayne Area Transit Service","8","2013","22,232"
"Wayne Area Transit Service","9","2013","26,394"
"Wayne Area Transit Service","10","2013","26,932"
"Wayne Area Transit Service","11","2013","16,090"
"Wayne Area Transit Service","12","2013","16,540"
"Wayne Area Transit Service","1","2014","14,760"
"Wayne Area Transit Service","2","2014","14,944"
"Wayne Area Transit Service","3","2014","15,720"
"Wyoming Transit Service","4","2013","6,465"
"Wyoming Transit Service","5","2013","6,486"
"Wyoming Transit Service","6","2013","8,315"
"Wyoming Transit Service","7","2013","8,117"
"Wyoming Transit Service","8","2013","6,327"
"Wyoming Transit Service","9","2013","5,401"
"Wyoming Transit Service","10","2013","9,432"
"Wyoming Transit Service","11","2013","5,104"
"Wyoming Transit Service","12","2013","5,054"
"Wyoming Transit Service","1","2014","5,485"
"Wyoming Transit Service","2","2014","5,829"
"Wyoming Transit Service","3","2014","5,597"
"Wayne Area Transportation Service","9","2014","28,589"
"Orleans Transit Service","8","2014","3,408"
"Seneca Transit Service","12","2014","7,056"
"Seneca Transit Service","7","2014","7,068"
"Regional Transit Service","9","2014","1,625,932"
"Batavia Bus Service","8","2014","4,027"
"Livingston Area Transportation Service","11","2014","20,433"
"Batavia Bus Service","10","2014","6,096"
"Livingston Area Transportation Service","4","2014","24,997"
"Orleans Transit Service","5","2014","3,591"
"Wayne Area Transportation Service","5","2014","18,115"
"Seneca Transit Service","10","2014","7,718"
"RTS Genesee","8","2017","5,567"
"Livingston Area Transportation Service","10","2014","23,033"
"Wyoming Transportation Service","8","2014","5,592"
"Seneca Transit Service","11","2014","6,026"
"Batavia Bus Service","5","2014","4,594"
"Seneca Transit Service","6","2014","7,399"
"Livingston Area Transportation Service","8","2014","11,530"
"Livingston Area Transportation Service","9","2014","20,928"
"Batavia Bus Service","7","2014","3,979"
"Wyoming Transportation Service","12","2014","4,750"
"Orleans Transit Service","4","2014","3,474"
"RTS Genesee","11","2016","6,183"
"RTS Seneca","1","2016","5,594"
"RTS Ontario","4","2016","22,943"
"Seneca Transit Service","8","2014","6,868"
"Regional Transit Service","6","2014","1,296,340"
"Livingston Area Transportation Service","5","2014","15,512"
"Wayne Area Transportation Service","4","2014","18,673"
"Batavia Bus Service","12","2014","5,255"
"Regional Transit Service","8","2014","1,190,011"
"Wayne Area Transportation Service","11","2014","16,307"
"Wyoming Transportation Service","7","2014","5,801"
"Wayne Area Transportation Service","10","2014","26,124"
"RTS Access","6","2017","17,990"
"Wyoming Transportation Service","11","2014","3,772"
"Wyoming Transportation Service","10","2014","7,967"
"RTS Wyoming","8","2017","3,667"
"Seneca Transit Service","9","2014","7,557"
"Livingston Area Transportation Service","12","2014","14,581"
"Orleans Transit Service","9","2014","3,376"
"Regional Transit Service","5","2014","1,488,303"
"Orleans Transit Service","10","2014","3,887"
"Livingston Area Transportation Service","7","2014","7,830"
"Orleans Transit Service","12","2014","3,394"
"Batavia Bus Service","4","2014","5,733"
"Regional Transit Service","4","2014","1,477,201"
"Orleans Transit Service","6","2014","3,429"
"Batavia Bus Service","9","2014","5,921"
"Livingston Area Transportation Service","6","2014","5,708"
"Regional Transit Service","12","2014","1,476,844"
"Wyoming Transportation Service","6","2014","7,783"
"Regional Transit Service","11","2014","1,378,233"
"Wyoming Transportation Service","5","2014","5,224"
"Wayne Area Transportation Service","12","2014","18,247"
"Batavia Bus Service","11","2014","4,927"
"Orleans Transit Service","7","2014","3,694"
"Wayne Area Transportation Service","6","2014","17,484"
"RTS Orleans","1","2016","3,179"
"Wayne Area Transportation Service","8","2014","22,730"
"RTS Wayne","8","2016","20,716"
"RTS Wayne","6","2016","18,465"
"Wyoming Transportation Service","4","2014","5,613"
"Wyoming Transportation Service","9","2014","4,796"
"Regional Transit Service","7","2014","1,221,377"
"Seneca Transit Service","5","2014","7,062"
"Seneca Transit Service","4","2014","7,761"
"Orleans Transit Service","11","2014","3,089"
"Wayne Area Transportation Service","7","2014","20,542"
"Regional Transit Service","10","2014","1,690,538"
"Batavia Bus Service","6","2014","3,880"
"RTS Genesee","3","2015","6,572"
"Lift Line ","6","2014","14,815"
"RTS Access","5","2015","15,428"
"RTS Seneca","3","2015","7,004"
"RTS Access","4","2015","16,536"
"RTS Access","10","2015","17,061"
"RTS Wayne","1","2015","15,538"
"RTS Wyoming","8","2015","5,034"
"RTS Orleans","6","2015","3,505"
"RTS Wayne","7","2015","22,450"
"Lift Line ","7","2014","15,202"
"RTS Orleans","9","2015","3,328"
"RTS Wayne","12","2015","19,663"
"RTS Genesee","2","2015","6,090"
"RTS Orleans","11","2015","3,155"
"RTS Genesee","10","2015","5,536"
"RTS Livingston","4","2015","24,084"
"RTS Orleans","7","2015","3,586"
"RTS Wayne","2","2015","14,255"
"RTS Genesee","4","2015","6,349"
"RTS Wyoming","7","2015","5,979"
"RTS Access","7","2015","15,977"
"RTS Seneca","11","2015","5,408"
"RTS Orleans","2","2015","3,252"
"RTS Ontario","1","2015","23,826"
"RTS Orleans","5","2015","3,014"
"RTS Ontario","2","2015","27,352"
"RTS Wayne","8","2015","20,996"
"RTS Genesee","7","2015","3,695"
"RTS Wyoming","2","2015","4,362"
"RTS Ontario","12","2015","24,686"
"Regional Transit Service","8","2015","1,224,293"
"RTS Seneca","5","2015","6,426"
"Regional Transit Service","2","2015","1,325,153"
"Regional Transit Service","11","2015","1,334,207"
"RTS Wayne","10","2015","29,442"
"Lift Line ","9","2014","15,074"
"RTS Genesee","5","2015","4,573"
"Regional Transit Service","9","2015","1,439,396"
"RTS Seneca","2","2015","5,579"
"RTS Wayne","3","2015","19,444"
"Lift Line ","8","2014","14,468"
"RTS Access","6","2015","16,027"
"RTS Wayne","9","2015","33,114"
"RTS Livingston","8","2015","6,921"
"RTS Livingston","9","2015","19,815"
"RTS Ontario","4","2015","25,877"
"RTS Seneca","1","2015","6,225"
"RTS Livingston","11","2015","17,142"
"RTS Livingston","3","2015","19,736"
"RTS Livingston","12","2015","16,521"
"RTS Seneca","10","2015","5,728"
"RTS Orleans","3","2015","3,864"
"Lift Line ","12","2014","14,826"
"RTS Wyoming","1","2015","4,676"
"RTS Orleans","8","2015","3,481"
"RTS Wyoming","11","2015","4,059"
"Regional Transit Service","12","2015","1,377,326"
"Regional Transit Service","5","2015","1,472,835"
"RTS Seneca","12","2015","6,314"
"RTS Ontario","3","2015","27,121"
"RTS Wyoming","10","2015","9,773"
"RTS Ontario","6","2015","23,713"
"RTS Access","8","2015","15,730"
"RTS Orleans","10","2015","3,325"
"RTS Orleans","4","2015","3,617"
"Lift Line ","5","2014","15,336"
"RTS Livingston","1","2015","15,166"
"RTS Access","12","2015","16,276"
"RTS Wayne","4","2015","19,853"
"RTS Orleans","12","2015","3,490"
"Lift Line ","4","2014","15,487"
"RTS Livingston","7","2015","6,478"
"Regional Transit Service","3","2015","1,519,999"
"RTS Seneca","9","2015","6,412"
"RTS Seneca","6","2015","6,661"
"RTS Seneca","7","2015","6,750"
"Regional Transit Service","1","2015","1,416,986"
"RTS Access","3","2015","17,116"
"RTS Seneca","4","2015","6,911"
"RTS Ontario","11","2015","23,322"
"RTS Ontario","8","2015","23,083"
"RTS Livingston","5","2015","14,094"
"RTS Ontario","5","2015","23,885"
"RTS Wyoming","4","2015","4,857"
"RTS Wayne","5","2015","19,265"
"RTS Wyoming","5","2015","4,313"
"RTS Wyoming","12","2015","4,512"
"RTS Ontario","7","2015","24,353"
"RTS Genesee","6","2015","3,804"
"RTS Livingston","10","2015","22,915"
"Regional Transit Service","4","2015","1,583,468"
"RTS Wyoming","6","2015","8,475"
"RTS Access","1","2015","15,548"
"RTS Genesee","1","2015","5,684"
"Regional Transit Service","7","2015","1,297,609"
"RTS Access","11","2015","15,628"
"RTS Wyoming","9","2015","4,333"
"RTS Livingston","6","2015","5,606"
"RTS Seneca","8","2015","6,117"
"RTS Wayne","11","2015","18,257"
"RTS Genesee","9","2015","5,590"
"Lift Line ","10","2014","17,263"
"RTS Genesee","11","2015","5,079"
"Regional Transit Service","6","2015","1,349,348"
"Lift Line ","11","2014","14,989"
"RTS Wyoming","3","2015","4,846"
"Regional Transit Service","10","2015","1,497,114"
"RTS Ontario","10","2015","24,343"
"RTS Livingston","2","2015","26,060"
"RTS Orleans","1","2015","3,194"
"RTS Wayne","6","2015","20,711"
"RTS Access","9","2015","15,789"
"RTS Ontario","9","2015","24,476"
"RTS Genesee","8","2015","4,120"
"RTS Access","2","2015","14,337"
"RTS Genesee","12","2015","4,920"
"RTS Seneca","6","2016","6,512"
"RTS Wayne","5","2016","18,333"
"RTS Orleans","12","2016","3,613"
"RTS Wyoming","3","2017","3,990"
"RTS Seneca","3","2017","6,148"
"RTS Orleans","10","2016","3,721"
"RTS Wayne","9","2017","33,368"
"RTS Orleans","1","2017","3,624"
"RTS Ontario","2","2016","24,759"
"RTS Access","10","2017","18,828"
"RTS Livingston","2","2017","19,160"
"RTS Livingston","4","2016","22,677"
"Regional Transit Service","9","2017","1,310,788"
"RTS Seneca","8","2017","5,283"
"RTS Access","11","2016","16,717"
"RTS Orleans","12","2017","2,767"
"RTS Wyoming","9","2016","3,610"
"Regional Transit Service","5","2016","1,329,560"
"RTS Wyoming","10","2017","5,070"
"RTS Seneca","10","2016","6,249"
"RTS Wyoming","11","2016","3,578"
"RTS Livingston","3","2017","15,602"
"RTS Access","1","2017","17,272"
"RTS Orleans","8","2016","3,616"
"Regional Transit Service","7","2016","1,139,124"
"RTS Livingston","10","2017","17,412"
"Regional Transit Service","11","2017","1,268,388"
"RTS Orleans","7","2016","3,006"
"RTS Orleans","8","2017","4,266"
"RTS Ontario","6","2017","22,975"
"RTS Wyoming","9","2017","3,057"
"RTS Genesee","9","2017","5,794"
"RTS Genesee","3","2016","6,126"
"RTS Ontario","9","2016","21,764"
"RTS Wyoming","4","2017","4,781"
"RTS Genesee","2","2016","5,643"
"RTS Wyoming","12","2017","3,043"
"RTS Orleans","6","2016","3,256"
"RTS Access","1","2016","15,587"
"RTS Wyoming","4","2016","4,042"
"RTS Wyoming","10","2016","4,634"
"RTS Orleans","11","2016","3,902"
"RTS Livingston","1","2016","13,757"
"RTS Wyoming","2","2017","3,806"
"Regional Transit Service","3","2017","1,357,480"
"RTS Wayne","12","2017","15,378"
"RTS Wyoming","1","2016","4,045"
"RTS Access","4","2017","17,991"
"RTS Access","11","2017","17,442"
"Regional Transit Service","12","2016","1,349,830"
"RTS Livingston","8","2016","8,105"
"RTS Access","3","2017","17,977"
"RTS Orleans","4","2016","3,146"
"RTS Ontario","12","2017","20,590"
"RTS Seneca","12","2016","5,402"
"RTS Orleans","4","2017","3,500"
"RTS Access","10","2016","16,746"
"RTS Wayne","8","2017","20,860"
"RTS Genesee","7","2017","4,126"
"RTS Seneca","2","2016","5,618"
"RTS Genesee","12","2016","5,087"
"RTS Access","8","2016","16,356"
"RTS Wyoming","3","2016","4,664"
"RTS Ontario","10","2016","22,141"
"RTS Seneca","11","2017","4,809"
"RTS Seneca","8","2016","6,236"
"RTS Genesee","11","2017","5,220"
"RTS Access","5","2017","19,086"
"RTS Orleans","6","2017","4,063"
"RTS Livingston","2","2016","22,357"
"RTS Seneca","4","2016","5,864"
"Regional Transit Service","11","2016","1,362,136"
"Regional Transit Service","1","2016","1,314,964"
"RTS Wyoming","7","2016","4,241"
"RTS Ontario","5","2016","21,954"
"RTS Ontario","11","2017","21,227"
"RTS Ontario","1","2016","22,226"
"Regional Transit Service","8","2017","1,158,650"
"RTS Ontario","7","2016","20,478"
"Regional Transit Service","4","2016","1,316,168"
"RTS Wyoming","5","2017","3,669"
"RTS Genesee","4","2017","6,362"
"RTS Orleans","2","2017","3,823"
"RTS Genesee","12","2017","4,575"
"RTS Seneca","12","2017","4,593"
"RTS Wayne","9","2016","31,227"
"RTS Orleans","9","2017","2,841"
"RTS Wyoming","12","2016","3,652"
"Regional Transit Service","4","2017","1,223,561"
"RTS Livingston","11","2017","15,406"
"Regional Transit Service","7","2017","1,077,698"
"Regional Transit Service","2","2016","1,290,421"
"RTS Orleans","2","2016","3,183"
"RTS Ontario","3","2016","25,674"
"RTS Wayne","1","2017","16,384"
"RTS Ontario","6","2016","22,107"
"RTS Wyoming","6","2017","5,411"
"RTS Orleans","10","2017","3,115"
"RTS Ontario","1","2017","21,859"
"RTS Access","12","2017","17,131"
"RTS Seneca","9","2016","6,327"
"RTS Wayne","12","2016","16,170"
"RTS Wayne","7","2017","17,789"
"Regional Transit Service","2","2017","1,272,704"
"RTS Wyoming","11","2017","3,131"
"RTS Genesee","3","2017","6,823"
"RTS Wayne","4","2016","17,671"
"RTS Genesee","1","2017","5,376"
"RTS Ontario","2","2017","23,246"
"RTS Genesee","7","2016","3,799"
"RTS Orleans","7","2017","3,856"
"RTS Wyoming","8","2016","5,156"
"Regional Transit Service","10","2016","1,417,147"
"RTS Ontario","10","2017","22,155"
"Regional Transit Service","8","2016","1,233,426"
"RTS Livingston","5","2017","9,858"
"RTS Genesee","10","2016","6,221"
"RTS Seneca","11","2016","5,301"
"RTS Ontario","8","2016","22,224"
"RTS Seneca","6","2017","5,998"
"RTS Livingston","7","2017","5,713"
"RTS Livingston","12","2016","14,403"
"RTS Access","9","2016","16,218"
"RTS Orleans","3","2017","3,870"
"RTS Livingston","5","2016","10,668"
"RTS Orleans","5","2016","3,014"
"RTS Genesee","6","2017","4,811"
"RTS Seneca","4","2017","5,654"
"RTS Wyoming","6","2016","8,247"
"RTS Wayne","10","2016","26,995"
"RTS Access","3","2016","17,335"
"RTS Seneca","5","2017","6,341"
"RTS Orleans","11","2017","3,028"
"RTS Access","12","2016","16,886"
"Regional Transit Service","10","2017","1,363,630"
"RTS Ontario","3","2017","24,555"
"Regional Transit Service","6","2016","1,244,038"
"RTS Wayne","1","2016","16,111"
"RTS Access","4","2016","16,362"
"RTS Genesee","2","2017","6,484"
"Regional Transit Service","3","2016","1,380,720"
"RTS Seneca","3","2016","6,189"
"RTS Seneca","5","2016","5,802"
"RTS Wayne","3","2016","17,059"
"RTS Ontario","9","2017","20,053"
"RTS Genesee","9","2016","5,980"
"RTS Access","5","2016","16,047"
"RTS Ontario","7","2017","21,657"
"RTS Ontario","5","2017","22,025"
"RTS Seneca","7","2016","5,666"
"RTS Livingston","4","2017","20,584"
"RTS Livingston","1","2017","13,318"
"RTS Wayne","4","2017","16,504"
"RTS Ontario","4","2017","21,158"
"Regional Transit Service","5","2017","1,358,231"
"RTS Wayne","11","2016","17,344"
"RTS Livingston","12","2017","12,344"
"RTS Livingston","7","2016","6,138"
"RTS Livingston","9","2016","17,713"
"RTS Seneca","9","2017","5,290"
"RTS Wayne","7","2016","17,746"
"RTS Access","7","2017","16,020"
"RTS Genesee","5","2017","7,035"
"RTS Wayne","3","2017","17,162"
"RTS Genesee","10","2017","6,054"
"RTS Ontario","11","2016","20,758"
"RTS Access","6","2016","15,977"
"RTS Orleans","5","2017","4,127"
"Regional Transit Service","1","2017","1,342,382"
"RTS Livingston","11","2016","16,041"
"RTS Access","8","2017","18,241"
"RTS Wayne","6","2017","19,321"
"RTS Wayne","2","2016","15,994"
"RTS Access","7","2016","15,273"
"Regional Transit Service","6","2017","1,201,029"
"RTS Wyoming","1","2017","3,930"
"RTS Genesee","4","2016","6,136"
"RTS Wyoming","2","2016","4,244"
"RTS Livingston","3","2016","16,977"
"RTS Seneca","2","2017","5,561"
"RTS Wayne","2","2017","15,390"
"RTS Wayne","5","2017","18,745"
"RTS Ontario","8","2017","20,994"
"Regional Transit Service","12","2017","1,190,478"
"RTS Wyoming","5","2016","3,722"
"RTS Access","2","2017","16,809"
"RTS Orleans","3","2016","3,505"
"RTS Livingston","8","2017","8,289"
"RTS Ontario","12","2016","21,133"
"RTS Livingston","10","2016","18,831"
"RTS Wayne","10","2017","26,329"
"RTS Genesee","5","2016","4,882"
"RTS Genesee","8","2016","5,111"
"RTS Orleans","9","2016","3,610"
"RTS Wyoming","7","2017","3,058"
"RTS Livingston","6","2017","5,610"
"RTS Livingston","9","2017","16,954"
"RTS Seneca","1","2017","5,580"
"RTS Genesee","6","2016","4,215"
"RTS Access","2","2016","15,446"
"RTS Genesee","1","2016","4,319"
"RTS Seneca","10","2017","5,544"
"RTS Livingston","6","2016","5,629"
"Regional Transit Service","9","2016","1,410,707"
"RTS Access","9","2017","17,628"
"RTS Seneca","7","2017","5,370"
"RTS Wayne","11","2017","17,753"
"Regional Transit Service","1","2018","1,232,716"
"Regional Transit Service","2","2018","1,188,273"
"Regional Transit Service","3","2018","1,300,127"
"Regional Transit Service","4","2018","1,154,599"
"Regional Transit Service","5","2018","1,305,495"
"Regional Transit Service","6","2018","1,118,591"
"Regional Transit Service","7","2018","1,077,779"
"Regional Transit Service","8","2018","1,153,733"
"Regional Transit Service","9","2018","1,284,368"
"Regional Transit Service","10","2018","1,406,432"
"Regional Transit Service","11","2018","1,233,266"
"Regional Transit Service","12","2018","1,171,328"
"Regional Transit Service","1","2019","1,177,855"
"Regional Transit Service","2","2019","1,140,048"
"Regional Transit Service","3","2019","1,288,017"
"RTS Access","1","2018","17,646"
"RTS Access","2","2018","17,479"
"RTS Access","3","2018","19,418"
"RTS Access","4","2018","18,459"
"RTS Access","5","2018","19,926"
"RTS Access","6","2018","18,617"
"RTS Access","7","2018","17,421"
"RTS Access","8","2018","19,162"
"RTS Access","9","2018","17,445"
"RTS Access","10","2018","20,452"
"RTS Access","11","2018","18,382"
"RTS Access","12","2018","17,751"
"RTS Access","1","2019","17,974"
"RTS Access","2","2019","17,225"
"RTS Access","3","2019","19,844"
"RTS Genesee","1","2018","5,109"
"RTS Genesee","2","2018","4,929"
"RTS Genesee","3","2018","4,913"
"RTS Genesee","4","2018","5,049"
"RTS Genesee","5","2018","4,435"
"RTS Genesee","6","2018","3,837"
"RTS Genesee","7","2018","3,375"
"RTS Genesee","8","2018","4,437"
"RTS Genesee","9","2018","4,504"
"RTS Genesee","10","2018","5,293"
"RTS Genesee","11","2018","4,812"
"RTS Genesee","12","2018","3,750"
"RTS Genesee","1","2019","4,376"
"RTS Genesee","2","2019","4,566"
"RTS Genesee","3","2019","4,793"
"RTS Livingston","1","2018","12,992"
"RTS Livingston","2","2018","16,973"
"RTS Livingston","3","2018","14,207"
"RTS Livingston","4","2018","20,408"
"RTS Livingston","5","2018","9,725"
"RTS Livingston","6","2018","5,540"
"RTS Livingston","7","2018","6,145"
"RTS Livingston","8","2018","9,098"
"RTS Livingston","9","2018","15,907"
"RTS Livingston","10","2018","16,258"
"RTS Livingston","11","2018","16,354"
"RTS Livingston","12","2018","11,153"
"RTS Livingston","1","2019","9,250"
"RTS Livingston","2","2019","19,308"
"RTS Livingston","3","2019","16,289"
"RTS Ontario","1","2018","21,468"
"RTS Ontario","2","2018","23,497"
"RTS Ontario","3","2018","23,546"
"RTS Ontario","4","2018","20,616"
"RTS Ontario","5","2018","21,877"
"RTS Ontario","6","2018","20,514"
"RTS Ontario","7","2018","20,803"
"RTS Ontario","8","2018","20,791"
"RTS Ontario","9","2018","19,493"
"RTS Ontario","10","2018","22,743"
"RTS Ontario","11","2018","20,705"
"RTS Ontario","12","2018","20,400"
"RTS Ontario","1","2019","21,072"
"RTS Ontario","2","2019","20,887"
"RTS Ontario","3","2019","21,466"
"RTS Orleans","1","2018","3,198"
"RTS Orleans","2","2018","2,971"
"RTS Orleans","3","2018","3,304"
"RTS Orleans","4","2018","3,064"
"RTS Orleans","5","2018","3,123"
"RTS Orleans","6","2018","2,691"
"RTS Orleans","7","2018","2,797"
"RTS Orleans","8","2018","2,716"
"RTS Orleans","9","2018","2,244"
"RTS Orleans","10","2018","2,987"
"RTS Orleans","11","2018","2,720"
"RTS Orleans","12","2018","2,755"
"RTS Orleans","1","2019","2,805"
"RTS Orleans","2","2019","2,576"
"RTS Orleans","3","2019","3,063"
"RTS Seneca","1","2018","5,234"
"RTS Seneca","2","2018","5,043"
"RTS Seneca","3","2018","5,123"
"RTS Seneca","4","2018","4,639"
"RTS Seneca","5","2018","4,882"
"RTS Seneca","6","2018","4,764"
"RTS Seneca","7","2018","4,936"
"RTS Seneca","8","2018","5,543"
"RTS Seneca","9","2018","4,321"
"RTS Seneca","10","2018","5,431"
"RTS Seneca","11","2018","4,359"
"RTS Seneca","12","2018","4,549"
"RTS Seneca","1","2019","4,846"
"RTS Seneca","2","2019","4,626"
"RTS Seneca","3","2019","4,967"
"RTS Wayne","1","2018","14,958"
"RTS Wayne","2","2018","14,918"
"RTS Wayne","3","2018","16,265"
"RTS Wayne","4","2018","16,726"
"RTS Wayne","5","2018","17,664"
"RTS Wayne","6","2018","18,183"
"RTS Wayne","7","2018","17,148"
"RTS Wayne","8","2018","19,383"
"RTS Wayne","9","2018","31,964"
"RTS Wayne","10","2018","28,970"
"RTS Wayne","11","2018","16,801"
"RTS Wayne","12","2018","16,362"
"RTS Wayne","1","2019","15,592"
"RTS Wayne","2","2019","14,176"
"RTS Wayne","3","2019","16,391"
"RTS Wyoming","1","2018","3,414"
"RTS Wyoming","2","2018","3,214"
"RTS Wyoming","3","2018","3,451"
"RTS Wyoming","4","2018","3,341"
"RTS Wyoming","5","2018","3,520"
"RTS Wyoming","6","2018","3,384"
"RTS Wyoming","7","2018","4,070"
"RTS Wyoming","8","2018","3,534"
"RTS Wyoming","9","2018","3,048"
"RTS Wyoming","10","2018","7,066"
"RTS Wyoming","11","2018","3,317"
"RTS Wyoming","12","2018","3,314"
"RTS Wyoming","1","2019","3,707"
"RTS Wyoming","2","2019","3,570"
"RTS Wyoming","3","2019","3,751"
"Regional Transit Service","4","2019","1,253,625"
"Regional Transit Service","5","2019","1,318,669"
"Regional Transit Service","6","2019","1,120,960"
"Regional Transit Service","7","2019","1,086,012"
"Regional Transit Service","8","2019","1,145,884"
"Regional Transit Service","9","2019","1,270,166"
"Regional Transit Service","10","2019","1,338,651"
"Regional Transit Service","11","2019","1,156,143"
"Regional Transit Service","12","2019","1,145,113"
"Regional Transit Service","1","2020","1,204,094"
"Regional Transit Service","2","2020","1,091,397"
"Regional Transit Service","3","2020","918,593"
"RTS Access","4","2019","21,195"
"RTS Access","5","2019","21,274"
"RTS Access","6","2019","20,355"
"RTS Access","7","2019","20,476"
"RTS Access","8","2019","20,919"
"RTS Access","9","2019","20,279"
"RTS Access","10","2019","22,149"
"RTS Access","11","2019","19,893"
"RTS Access","12","2019","19,168"
"RTS Access","1","2020","20,583"
"RTS Access","2","2020","18,685"
"RTS Access","3","2020","12,484"
"RTS Genesee","4","2019","4,518"
"RTS Genesee","5","2019","3,378"
"RTS Genesee","6","2019","2,179"
"RTS Genesee","7","2019","2,484"
"RTS Genesee","8","2019","3,423"
"RTS Genesee","9","2019","4,023"
"RTS Genesee","10","2019","4,418"
"RTS Genesee","11","2019","4,109"
"RTS Genesee","12","2019","3,216"
"RTS Genesee","1","2020","3,898"
"RTS Genesee","2","2020","3,904"
"RTS Genesee","3","2020","2,587"
"RTS Livingston","4","2019","20,658"
"RTS Livingston","5","2019","12,967"
"RTS Livingston","6","2019","4,129"
"RTS Livingston","7","2019","4,975"
"RTS Livingston","8","2019","7,308"
"RTS Livingston","9","2019","15,141"
"RTS Livingston","10","2019","16,748"
"RTS Livingston","11","2019","16,886"
"RTS Livingston","12","2019","10,650"
"RTS Livingston","1","2020","9,601"
"RTS Livingston","2","2020","17,482"
"RTS Livingston","3","2020","7,709"
"RTS Ontario","4","2019","20,319"
"RTS Ontario","5","2019","19,667"
"RTS Ontario","6","2019","18,061"
"RTS Ontario","7","2019","17,969"
"RTS Ontario","8","2019","18,139"
"RTS Ontario","9","2019","19,024"
"RTS Ontario","10","2019","21,032"
"RTS Ontario","11","2019","18,811"
"RTS Ontario","12","2019","19,079"
"RTS Ontario","1","2020","19,917"
"RTS Ontario","2","2020","19,737"
"RTS Ontario","3","2020","13,296"
"RTS Orleans","4","2019","3,508"
"RTS Orleans","5","2019","4,054"
"RTS Orleans","6","2019","3,686"
"RTS Orleans","7","2019","3,988"
"RTS Orleans","8","2019","3,830"
"RTS Orleans","9","2019","3,324"
"RTS Orleans","10","2019","3,801"
"RTS Orleans","11","2019","3,253"
"RTS Orleans","12","2019","3,678"
"RTS Orleans","1","2020","3,755"
"RTS Orleans","2","2020","3,523"
"RTS Orleans","3","2020","3,132"
"RTS Seneca","4","2019","5,306"
"RTS Seneca","5","2019","5,352"
"RTS Seneca","6","2019","4,378"
"RTS Seneca","7","2019","4,916"
"RTS Seneca","8","2019","5,359"
"RTS Seneca","9","2019","5,179"
"RTS Seneca","10","2019","5,582"
"RTS Seneca","11","2019","4,602"
"RTS Seneca","12","2019","5,062"
"RTS Seneca","1","2020","5,526"
"RTS Seneca","2","2020","5,020"
"RTS Seneca","3","2020","4,299"
"RTS Wayne","4","2019","16,887"
"RTS Wayne","5","2019","17,367"
"RTS Wayne","6","2019","15,985"
"RTS Wayne","7","2019","17,672"
"RTS Wayne","8","2019","18,596"
"RTS Wayne","9","2019","30,714"
"RTS Wayne","10","2019","27,648"
"RTS Wayne","11","2019","15,969"
"RTS Wayne","12","2019","15,155"
"RTS Wayne","1","2020","15,302"
"RTS Wayne","2","2020","13,595"
"RTS Wayne","3","2020","9,919"
"RTS Wyoming","4","2019","3,805"
"RTS Wyoming","5","2019","4,084"
"RTS Wyoming","6","2019","5,660"
"RTS Wyoming","7","2019","4,540"
"RTS Wyoming","8","2019","4,068"
"RTS Wyoming","9","2019","3,389"
"RTS Wyoming","10","2019","5,362"
"RTS Wyoming","11","2019","3,303"
"RTS Wyoming","12","2019","3,336"
"RTS Wyoming","1","2020","3,662"
"RTS Wyoming","2","2020","3,035"
"RTS Wyoming","3","2020","2,838"
"Regional Transit Service","4","2020","614,876"
"Regional Transit Service","5","2020","625,184"
"Regional Transit Service","6","2020","692,280"
"Regional Transit Service","7","2020","686,782"
"Regional Transit Service","8","2020","626,181"
"Regional Transit Service","9","2020","629,109"
"Regional Transit Service","10","2020","642,854"
"Regional Transit Service","11","2020","576,976"
"Regional Transit Service","12","2020","568,401"
"Regional Transit Service","1","2021","541,677"
"Regional Transit Service","2","2021","520,990"
"Regional Transit Service","3","2021","611,729"
"Regional Transit Service","4","2021","588,495"
"Regional Transit Service","5","2021","558,759"
"Regional Transit Service","6","2021","563,230"
"Regional Transit Service","7","2021","568,998"
"Regional Transit Service","8","2021","583,838"
"Regional Transit Service","9","2021","676,171"
"Regional Transit Service","10","2021","711,985"
"Regional Transit Service","11","2021","668,058"
"Regional Transit Service","12","2021","662,005"
"RTS Access","4","2020","4,896"
"RTS Access","5","2020","6,320"
"RTS Access","6","2020","8,577"
"RTS Access","7","2020","10,344"
"RTS Access","8","2020","10,853"
"RTS Access","9","2020","12,043"
"RTS Access","10","2020","13,002"
"RTS Access","11","2020","11,525"
"RTS Access","12","2020","10,687"
"RTS Access","1","2021","9,968"
"RTS Access","2","2021","10,221"
"RTS Access","3","2021","13,069"
"RTS Access","4","2021","13,458"
"RTS Access","5","2021","13,097"
"RTS Access","6","2021","13,221"
"RTS Access","7","2021","13,073"
"RTS Access","8","2021","13,576"
"RTS Access","9","2021","13,709"
"RTS Access","10","2021","14,044"
"RTS Access","11","2021","13,384"
"RTS Access","12","2021","13,159"
"RTS Genesee","4","2020","705"
"RTS Genesee","5","2020","653"
"RTS Genesee","6","2020","775"
"RTS Genesee","7","2020","955"
"RTS Genesee","8","2020","1,167"
"RTS Genesee","9","2020","1,764"
"RTS Genesee","10","2020","1,779"
"RTS Genesee","11","2020","1,333"
"RTS Genesee","12","2020","1,350"
"RTS Genesee","1","2021","1,276"
"RTS Genesee","2","2021","1,555"
"RTS Genesee","3","2021","1,881"
"RTS Genesee","4","2021","1,803"
"RTS Genesee","5","2021","1,590"
"RTS Genesee","6","2021","1,588"
"RTS Genesee","7","2021","1,579"
"RTS Genesee","8","2021","1,498"
"RTS Genesee","9","2021","2,443"
"RTS Genesee","10","2021","2,577"
"RTS Genesee","11","2021","2,371"
"RTS Genesee","12","2021","2,137"
"RTS Livingston","4","2020","1,178"
"RTS Livingston","5","2020","1,197"
"RTS Livingston","6","2020","1,315"
"RTS Livingston","7","2020","1,456"
"RTS Livingston","8","2020","1,518"
"RTS Livingston","9","2020","3,932"
"RTS Livingston","10","2020","4,250"
"RTS Livingston","11","2020","3,355"
"RTS Livingston","12","2020","2,093"
"RTS Livingston","1","2021","1,386"
"RTS Livingston","2","2021","3,112"
"RTS Livingston","3","2021","3,397"
"RTS Livingston","4","2021","3,657"
"RTS Livingston","5","2021","3,578"
"RTS Livingston","6","2021","2,505"
"RTS Livingston","7","2021","2,908"
"RTS Livingston","8","2021","3,077"
"RTS Livingston","9","2021","7,053"
"RTS Livingston","10","2021","8,403"
"RTS Livingston","11","2021","7,298"
"RTS Livingston","12","2021","6,031"
"RTS Ontario","4","2020","2,984"
"RTS Ontario","5","2020","2,277"
"RTS Ontario","6","2020","2,554"
"RTS Ontario","7","2020","2,703"
"RTS Ontario","8","2020","5,800"
"RTS Ontario","9","2020","7,192"
"RTS Ontario","10","2020","7,861"
"RTS Ontario","11","2020","7,453"
"RTS Ontario","12","2020","8,435"
"RTS Ontario","1","2021","7,529"
"RTS Ontario","2","2021","7,914"
"RTS Ontario","3","2021","9,494"
"RTS Ontario","4","2021","9,228"
"RTS Ontario","5","2021","8,304"
"RTS Ontario","6","2021","9,556"
"RTS Ontario","7","2021","9,909"
"RTS Ontario","8","2021","9,458"
"RTS Ontario","9","2021","9,837"
"RTS Ontario","10","2021","9,324"
"RTS Ontario","11","2021","9,835"
"RTS Ontario","12","2021","10,854"
"RTS Orleans","4","2020","986"
"RTS Orleans","5","2020","816"
"RTS Orleans","6","2020","899"
"RTS Orleans","7","2020","1,512"
"RTS Orleans","8","2020","2,190"
"RTS Orleans","9","2020","2,375"
"RTS Orleans","10","2020","2,538"
"RTS Orleans","11","2020","2,319"
"RTS Orleans","12","2020","2,437"
"RTS Orleans","1","2021","2,129"
"RTS Orleans","2","2021","2,009"
"RTS Orleans","3","2021","2,450"
"RTS Orleans","4","2021","2,641"
"RTS Orleans","5","2021","2,260"
"RTS Orleans","6","2021","2,382"
"RTS Orleans","7","2021","2,473"
"RTS Orleans","8","2021","2,208"
"RTS Orleans","9","2021","2,201"
"RTS Orleans","10","2021","2,003"
"RTS Orleans","11","2021","1,992"
"RTS Orleans","12","2021","1,937"
"RTS Seneca","4","2020","892"
"RTS Seneca","5","2020","422"
"RTS Seneca","6","2020","465"
"RTS Seneca","7","2020","1,077"
"RTS Seneca","8","2020","1,720"
"RTS Seneca","9","2020","2,029"
"RTS Seneca","10","2020","2,269"
"RTS Seneca","11","2020","2,094"
"RTS Seneca","12","2020","2,206"
"RTS Seneca","1","2021","1,996"
"RTS Seneca","2","2021","2,128"
"RTS Seneca","3","2021","2,706"
"RTS Seneca","4","2021","2,474"
"RTS Seneca","5","2021","2,181"
"RTS Seneca","6","2021","2,655"
"RTS Seneca","7","2021","2,524"
"RTS Seneca","8","2021","2,628"
"RTS Seneca","9","2021","2,549"
"RTS Seneca","10","2021","2,610"
"RTS Seneca","11","2021","2,525"
"RTS Seneca","12","2021","2,706"
"RTS Wayne","4","2020","1,572"
"RTS Wayne","5","2020","1,652"
"RTS Wayne","6","2020","2,119"
"RTS Wayne","7","2020","2,094"
"RTS Wayne","8","2020","2,324"
"RTS Wayne","9","2020","8,789"
"RTS Wayne","10","2020","7,508"
"RTS Wayne","11","2020","3,826"
"RTS Wayne","12","2020","3,564"
"RTS Wayne","1","2021","3,439"
"RTS Wayne","2","2021","3,304"
"RTS Wayne","3","2021","7,448"
"RTS Wayne","4","2021","4,608"
"RTS Wayne","5","2021","4,615"
"RTS Wayne","6","2021","5,163"
"RTS Wayne","7","2021","5,444"
"RTS Wayne","8","2021","6,465"
"RTS Wayne","9","2021","13,511"
"RTS Wayne","10","2021","12,192"
"RTS Wayne","11","2021","5,568"
"RTS Wayne","12","2021","4,966"
"RTS Wyoming","4","2020","1,067"
"RTS Wyoming","5","2020","1,309"
"RTS Wyoming","6","2020","1,705"
"RTS Wyoming","7","2020","1,886"
"RTS Wyoming","8","2020","2,009"
"RTS Wyoming","9","2020","2,198"
"RTS Wyoming","10","2020","2,419"
"RTS Wyoming","11","2020","2,337"
"RTS Wyoming","12","2020","2,489"
"RTS Wyoming","1","2021","2,370"
"RTS Wyoming","2","2021","2,414"
"RTS Wyoming","3","2021","2,897"
"RTS Wyoming","4","2021","2,861"
"RTS Wyoming","5","2021","2,580"
"RTS Wyoming","6","2021","2,541"
"RTS Wyoming","7","2021","2,731"
"RTS Wyoming","8","2021","2,829"
"RTS Wyoming","9","2021","3,178"
"RTS Wyoming","10","2021","19,186"
"RTS Wyoming","11","2021","2,920"
"RTS Wyoming","12","2021","2,932"
"Regional Transit Service","1","2022","601,105"
"Regional Transit Service","2","2022","608,632"
"Regional Transit Service","3","2022","762,775"
"Regional Transit Service","4","2022","680,517"
"Regional Transit Service","5","2022","739,592"
"Regional Transit Service","6","2022","712,332"
"Regional Transit Service","7","2022","661,847"
"Regional Transit Service","8","2022","701,299"
"Regional Transit Service","9","2022","821,359"
"Regional Transit Service","10","2022","851,450"
"Regional Transit Service","11","2022","774,454"
"Regional Transit Service","12","2022","749,979"
"RTS Access","1","2022","12,236"
"RTS Access","2","2022","12,366"
"RTS Access","3","2022","14,947"
"RTS Access","4","2022","13,690"
"RTS Access","5","2022","13,980"
"RTS Access","6","2022","14,605"
"RTS Access","7","2022","13,677"
"RTS Access","8","2022","15,293"
"RTS Access","9","2022","14,825"
"RTS Access","10","2022","15,262"
"RTS Access","11","2022","14,665"
"RTS Access","12","2022","14,232"
"RTS Genesee","1","2022","1,959"
"RTS Genesee","2","2022","2,345"
"RTS Genesee","3","2022","2,472"
"RTS Genesee","4","2022","2,393"
"RTS Genesee","5","2022","1,851"
"RTS Genesee","6","2022","1,934"
"RTS Genesee","7","2022","1,688"
"RTS Genesee","8","2022","1,810"
"RTS Genesee","9","2022","2,620"
"RTS Genesee","10","2022","2,520"
"RTS Genesee","11","2022","2,361"
"RTS Genesee","12","2022","2,346"
"RTS Livingston","1","2022","3,948"
"RTS Livingston","2","2022","8,534"
"RTS Livingston","3","2022","6,701"
"RTS Livingston","4","2022","8,676"
"RTS Livingston","5","2022","6,084"
"RTS Livingston","6","2022","3,071"
"RTS Livingston","7","2022","3,092"
"RTS Livingston","8","2022","3,726"
"RTS Livingston","9","2022","7,211"
"RTS Livingston","10","2022","8,638"
"RTS Livingston","11","2022","7,586"
"RTS Livingston","12","2022","6,957"
"RTS Ontario","1","2022","10,467"
"RTS Ontario","2","2022","11,298"
"RTS Ontario","3","2022","12,592"
"RTS Ontario","4","2022","10,976"
"RTS Ontario","5","2022","12,556"
"RTS Ontario","6","2022","11,984"
"RTS Ontario","7","2022","10,527"
"RTS Ontario","8","2022","12,622"
"RTS Ontario","9","2022","10,164"
"RTS Ontario","10","2022","9,765"
"RTS Ontario","11","2022","10,270"
"RTS Ontario","12","2022","10,510"
"RTS Orleans","1","2022","1,677"
"RTS Orleans","2","2022","1,806"
"RTS Orleans","3","2022","2,280"
"RTS Orleans","4","2022","2,026"
"RTS Orleans","5","2022","1,802"
"RTS Orleans","6","2022","1,795"
"RTS Orleans","7","2022","1,441"
"RTS Orleans","8","2022","1,982"
"RTS Orleans","9","2022","1,969"
"RTS Orleans","10","2022","1,965"
"RTS Orleans","11","2022","2,288"
"RTS Orleans","12","2022","2,289"
"RTS Seneca","1","2022","2,417"
"RTS Seneca","2","2022","2,555"
"RTS Seneca","3","2022","3,154"
"RTS Seneca","4","2022","2,947"
"RTS Seneca","5","2022","2,975"
"RTS Seneca","6","2022","3,376"
"RTS Seneca","7","2022","2,984"
"RTS Seneca","8","2022","3,503"
"RTS Seneca","9","2022","3,330"
"RTS Seneca","10","2022","3,258"
"RTS Seneca","11","2022","3,287"
"RTS Seneca","12","2022","3,405"
"RTS Wayne","1","2022","4,875"
"RTS Wayne","2","2022","4,590"
"RTS Wayne","3","2022","5,844"
"RTS Wayne","4","2022","5,348"
"RTS Wayne","5","2022","5,685"
"RTS Wayne","6","2022","6,074"
"RTS Wayne","7","2022","5,995"
"RTS Wayne","8","2022","8,743"
"RTS Wayne","9","2022","16,848"
"RTS Wayne","10","2022","11,474"
"RTS Wayne","11","2022","7,066"
"RTS Wayne","12","2022","6,362"
"RTS Wyoming","1","2022","2,849"
"RTS Wyoming","2","2022","2,866"
"RTS Wyoming","3","2022","3,674"
"RTS Wyoming","4","2022","2,928"
"RTS Wyoming","5","2022","3,202"
"RTS Wyoming","6","2022","3,311"
"RTS Wyoming","7","2022","2,687"
"RTS Wyoming","8","2022","3,120"
"RTS Wyoming","9","2022","3,495"
"RTS Wyoming","10","2022","12,195"
"RTS Wyoming","11","2022","3,095"
"RTS Wyoming","12","2022","3,182"
"Regional Transit Service","1","2023","759,938"
"Regional Transit Service","2","2023","693,662"
"Regional Transit Service","3","2023","836,355"
"Regional Transit Service","4","2023","760,210"
"Regional Transit Service","5","2023","905,911"
"Regional Transit Service","6","2023","769,293"
"Regional Transit Service","7","2023","737,137"
"Regional Transit Service","8","2023","777,623"
"Regional Transit Service","9","2023","875,779"
"Regional Transit Service","10","2023","927,195"
"Regional Transit Service","11","2023","840,862"
"Regional Transit Service","12","2023","823,474"
"RTS Access","1","2023","14,956"
"RTS Access","2","2023","14,331"
"RTS Access","3","2023","16,867"
"RTS Access","4","2023","15,486"
"RTS Access","5","2023","16,476"
"RTS Access","6","2023","15,779"
"RTS Access","7","2023","15,017"
"RTS Access","8","2023","16,137"
"RTS Access","9","2023","14,696"
"RTS Access","10","2023","16,144"
"RTS Access","11","2023","15,017"
"RTS Access","12","2023","14,878"
"RTS Genesee","1","2023","2,225"
"RTS Genesee","2","2023","2,359"
"RTS Genesee","3","2023","2,675"
"RTS Genesee","4","2023","2,806"
"RTS Genesee","5","2023","2,659"
"RTS Genesee","6","2023","2,207"
"RTS Genesee","7","2023","1,922"
"RTS Genesee","8","2023","2,527"
"RTS Genesee","9","2023","3,291"
"RTS Genesee","10","2023","3,101"
"RTS Genesee","11","2023","3,265"
"RTS Genesee","12","2023","2,505"
"RTS Livingston","1","2023","4,842"
"RTS Livingston","2","2023","8,611"
"RTS Livingston","3","2023","7,528"
"RTS Livingston","4","2023","7,813"
"RTS Livingston","5","2023","7,003"
"RTS Livingston","6","2023","3,193"
"RTS Livingston","7","2023","3,566"
"RTS Livingston","8","2023","4,247"
"RTS Livingston","9","2023","6,276"
"RTS Livingston","10","2023","6,596"
"RTS Livingston","11","2023","6,043"
"RTS Livingston","12","2023","5,376"
"RTS Ontario","1","2023","10,555"
"RTS Ontario","2","2023","10,444"
"RTS Ontario","3","2023","12,384"
"RTS Ontario","4","2023","11,046"
"RTS Ontario","5","2023","12,595"
"RTS Ontario","6","2023","12,233"
"RTS Ontario","7","2023","11,955"
"RTS Ontario","8","2023","14,560"
"RTS Ontario","9","2023","13,365"
"RTS Ontario","10","2023","14,220"
"RTS Ontario","11","2023","13,899"
"RTS Ontario","12","2023","10,953"
"RTS Orleans","1","2023","2,239"
"RTS Orleans","2","2023","2,198"
"RTS Orleans","3","2023","2,821"
"RTS Orleans","4","2023","2,409"
"RTS Orleans","5","2023","2,746"
"RTS Orleans","6","2023","2,624"
"RTS Orleans","7","2023","2,495"
"RTS Orleans","8","2023","2,546"
"RTS Orleans","9","2023","2,372"
"RTS Orleans","10","2023","2,527"
"RTS Orleans","11","2023","2,351"
"RTS Orleans","12","2023","2,258"
"RTS Seneca","1","2023","3,147"
"RTS Seneca","2","2023","2,961"
"RTS Seneca","3","2023","3,624"
"RTS Seneca","4","2023","3,078"
"RTS Seneca","5","2023","3,516"
"RTS Seneca","6","2023","3,735"
"RTS Seneca","7","2023","3,320"
"RTS Seneca","8","2023","3,888"
"RTS Seneca","9","2023","3,271"
"RTS Seneca","10","2023","3,732"
"RTS Seneca","11","2023","3,805"
"RTS Seneca","12","2023","3,584"
"RTS Wayne","1","2023","6,764"
"RTS Wayne","2","2023","6,362"
"RTS Wayne","3","2023","7,204"
"RTS Wayne","4","2023","6,473"
"RTS Wayne","5","2023","6,754"
"RTS Wayne","6","2023","7,617"
"RTS Wayne","7","2023","7,345"
"RTS Wayne","8","2023","10,366"
"RTS Wayne","9","2023","14,865"
"RTS Wayne","10","2023","10,258"
"RTS Wayne","11","2023","7,526"
"RTS Wayne","12","2023","7,316"
"RTS Wyoming","1","2023","3,815"
"RTS Wyoming","2","2023","3,318"
"RTS Wyoming","3","2023","3,629"
"RTS Wyoming","4","2023","3,052"
"RTS Wyoming","5","2023","3,246"
"RTS Wyoming","6","2023","2,983"
"RTS Wyoming","7","2023","2,459"
"RTS Wyoming","8","2023","2,701"
"RTS Wyoming","9","2023","3,019"
"RTS Wyoming","10","2023","9,112"
"RTS Wyoming","11","2023","2,860"
"RTS Wyoming","12","2023","2,829"
"Regional Transit Service","1","2024","866,294"
"Regional Transit Service","2","2024","869,623"
"Regional Transit Service","3","2024","913,503"
"Regional Transit Service","4","2024","858,979"
"Regional Transit Service","5","2024","992,031"
"Regional Transit Service","6","2024","880,805"
"Regional Transit Service","7","2024","878,264"
"Regional Transit Service","8","2024","899,578"
"Regional Transit Service","9","2024","1,003,971"
"Regional Transit Service","10","2024","1,067,541"
"Regional Transit Service","11","2024","926,824"
"Regional Transit Service","12","2024","901,670"
"RTS Access","1","2024","15,535"
"RTS Access","2","2024","15,125"
"RTS Access","3","2024","16,132"
"RTS Access","4","2024","15,717"
"RTS Access","5","2024","16,537"
"RTS Access","6","2024","15,183"
"RTS Access","7","2024","15,443"
"RTS Access","8","2024","15,300"
"RTS Access","9","2024","14,031"
"RTS Access","10","2024","15,714"
"RTS Access","11","2024","12,608"
"RTS Access","12","2024","12,654"
"RTS Genesee","1","2024","2,846"
"RTS Genesee","2","2024","3,172"
"RTS Genesee","3","2024","3,010"
"RTS Genesee","4","2024","3,254"
"RTS Genesee","5","2024","2,641"
"RTS Genesee","6","2024","2,046"
"RTS Genesee","7","2024","2,580"
"RTS Genesee","8","2024","2,538"
"RTS Genesee","9","2024","2,686"
"RTS Genesee","10","2024","3,351"
"RTS Genesee","11","2024","3,744"
"RTS Genesee","12","2024","3,813"
"RTS Livingston","1","2024","4,745"
"RTS Livingston","2","2024","7,878"
"RTS Livingston","3","2024","6,790"
"RTS Livingston","4","2024","9,283"
"RTS Livingston","5","2024","6,975"
"RTS Livingston","6","2024","2,759"
"RTS Livingston","7","2024","3,458"
"RTS Livingston","8","2024","4,169"
"RTS Livingston","9","2024","8,087"
"RTS Livingston","10","2024","11,396"
"RTS Livingston","11","2024","8,856"
"RTS Livingston","12","2024","6,100"
"RTS Ontario","1","2024","11,871"
"RTS Ontario","2","2024","12,513"
"RTS Ontario","3","2024","12,486"
"RTS Ontario","4","2024","13,228"
"RTS Ontario","5","2024","13,550"
"RTS Ontario","6","2024","11,435"
"RTS Ontario","7","2024","12,972"
"RTS Ontario","8","2024","13,016"
"RTS Ontario","9","2024","12,482"
"RTS Ontario","10","2024","14,286"
"RTS Ontario","11","2024","12,385"
"RTS Ontario","12","2024","12,669"
"RTS Orleans","1","2024","2,287"
"RTS Orleans","2","2024","2,408"
"RTS Orleans","3","2024","2,595"
"RTS Orleans","4","2024","2,676"
"RTS Orleans","5","2024","2,851"
"RTS Orleans","6","2024","2,733"
"RTS Orleans","7","2024","2,587"
"RTS Orleans","8","2024","2,608"
"RTS Orleans","9","2024","2,302"
"RTS Orleans","10","2024","2,688"
"RTS Orleans","11","2024","2,436"
"RTS Orleans","12","2024","2,371"
"RTS Seneca","1","2024","3,775"
"RTS Seneca","2","2024","3,961"
"RTS Seneca","3","2024","4,044"
"RTS Seneca","4","2024","4,100"
"RTS Seneca","5","2024","3,895"
"RTS Seneca","6","2024","3,847"
"RTS Seneca","7","2024","4,343"
"RTS Seneca","8","2024","4,087"
"RTS Seneca","9","2024","3,827"
"RTS Seneca","10","2024","4,438"
"RTS Seneca","11","2024","3,900"
"RTS Seneca","12","2024","3,638"
"RTS Wayne","1","2024","7,408"
"RTS Wayne","2","2024","7,499"
"RTS Wayne","3","2024","7,579"
"RTS Wayne","4","2024","7,887"
"RTS Wayne","5","2024","8,954"
"RTS Wayne","6","2024","7,916"
"RTS Wayne","7","2024","9,215"
"RTS Wayne","8","2024","12,764"
"RTS Wayne","9","2024","13,867"
"RTS Wayne","10","2024","10,126"
"RTS Wayne","11","2024","7,507"
"RTS Wayne","12","2024","7,832"
"RTS Wyoming","1","2024","3,565"
"RTS Wyoming","2","2024","3,296"
"RTS Wyoming","3","2024","3,495"
"RTS Wyoming","4","2024","3,356"
"RTS Wyoming","5","2024","3,502"
"RTS Wyoming","6","2024","3,199"
"RTS Wyoming","7","2024","2,919"
"RTS Wyoming","8","2024","2,852"
"RTS Wyoming","9","2024","3,378"
"RTS Wyoming","10","2024","3,925"
"RTS Wyoming","11","2024","3,421"
"RTS Wyoming","12","2024","3,505"
